,Unnamed: 0,instrument,granularity,time,stringTime,volume,bidOpen,bidHigh,bidLow,bidClose,midOpen,midHigh,midLow,midClose,askOpen,askHigh,askLow,askClose,askCloseDelta,midCloseDelta,bidCloseDelta,midClose_1,midClose_2,midClose_3,midClose_4,midClose_5,midClose_6,midClose_7,midClose_8,midClose_9,midClose_10,midClose_11,midClose_12,midClose_13,midClose_14,midClose_15,midCloseDelta_1,midCloseDelta_2,midCloseDelta_3,midCloseDelta_4,midCloseDelta_5,midCloseDelta_6,midCloseDelta_7,midCloseDelta_8,midCloseDelta_9,midCloseDelta_10,midCloseDelta_11,midCloseDelta_12,midCloseDelta_13,midCloseDelta_14,midCloseDelta_15,midCloseDeltaConverted
3500,3500.0,USDCAD,H1,2022-01-24 00:00:00,2022-01-24T00:00:00,0.0034959817526806084,0.4269984917043743,0.42007826610475263,0.4332002457002453,0.4206002111295426,0.4269984917043743,0.42007826610475263,0.4332002457002453,0.4206002111295426,0.4269984917043743,0.42007826610475263,0.4332002457002453,0.4206002111295426,-0.0009699999999999154,0.39745403111739963,-0.0009699999999999154,,,,,,,,,,,,,,,,,,,,,,,,,,,,,,,-0.0009699999999999152
3501,3501.0,USDCAD,H1,2022-01-24 01:00:00,2022-01-24T01:00:00,0.04777131163266611,0.4247360482654621,0.42354003612281943,0.41984029484029506,0.4014477454380909,0.4247360482654621,0.42354003612281943,0.41984029484029506,0.4014477454380909,0.4247360482654621,0.42354003612281943,0.41984029484029506,0.4014477454380909,-0.0012700000000001044,0.37623762376236475,-0.0012700000000001044,,,,,,,,,,,,,,,,,,,,,,,,,,,,,,,-0.0012700000000001046
3502,3502.0,USDCAD,H1,2022-01-24 02:00:00,2022-01-24T02:00:00,0.04551171367056767,0.40150829562594126,0.41631547260686474,0.41984029484029506,0.4139647112049474,0.40150829562594126,0.41631547260686474,0.41984029484029506,0.4139647112049474,0.40150829562594126,0.41631547260686474,0.41984029484029506,0.4139647112049474,0.0008300000000001084,0.5247524752475302,0.0008300000000001084,,,,,,,,,,,,,,,,,,,,,,,,,,,,,,,0.0008300000000001083
3503,3503.0,USDCAD,H1,2022-01-24 03:00:00,2022-01-24T03:00:00,0.03937242864147002,0.4140271493212673,0.41240216736905566,0.42199017199017064,0.4050671090333253,0.4140271493212673,0.41240216736905566,0.42199017199017064,0.4050671090333253,0.4140271493212673,0.41240216736905566,0.42199017199017064,0.4050671090333253,-0.0005900000000000905,0.42432814710041444,-0.0005900000000000905,,,,,,,,,,,,,,,,,,,,,,,,,,,,,,,-0.0005900000000000906
3504,3504.0,USDCAD,H1,2022-01-24 04:00:00,2022-01-24T04:00:00,0.023107586706742556,0.4051282051282037,0.4054786273329327,0.4161547911547885,0.40129693862162696,0.4051282051282037,0.4054786273329327,0.4161547911547885,0.40129693862162696,0.4051282051282037,0.4054786273329327,0.4161547911547885,0.40129693862162696,-0.00024999999999986144,0.448373408769455,-0.00024999999999986144,,,,,,,,,,,,,,,,,,,,,,,,,,,,,,,-0.00024999999999986177
3505,3505.0,USDCAD,H1,2022-01-24 05:00:00,2022-01-24T05:00:00,0.018119417620600712,0.40135746606334877,0.396899458157737,0.4143120393120405,0.4002412909063473,0.40135746606334877,0.396899458157737,0.4143120393120405,0.4002412909063473,0.40135746606334877,0.396899458157737,0.4143120393120405,0.4002412909063473,-7.00000000000145e-05,0.46110325318245704,-7.00000000000145e-05,,,,,,,,,,,,,,,,,,,,,,,,,,,,,,,-7.000000000001486e-05
3506,3506.0,USDCAD,H1,2022-01-24 06:00:00,2022-01-24T06:00:00,0.015369529534650723,0.40030165912519067,0.39403973509934076,0.408783783783786,0.39511385914643427,0.40030165912519067,0.39403973509934076,0.408783783783786,0.39511385914643427,0.40030165912519067,0.39403973509934076,0.408783783783786,0.39511385914643427,-0.00034000000000000696,0.4420084865629383,-0.00034000000000000696,,,,,,,,,,,,,,,,,,,,,,,,,,,,,,,-0.0003400000000000066
3507,3507.0,USDCAD,H1,2022-01-24 07:00:00,2022-01-24T07:00:00,0.041312272174969626,0.39517345399698556,0.4057796508127609,0.41078009828009954,0.4097421203438394,0.39517345399698556,0.4057796508127609,0.41078009828009954,0.4097421203438394,0.39517345399698556,0.4057796508127609,0.41078009828009954,0.4097421203438394,0.0009699999999999154,0.5346534653465266,0.0009699999999999154,,,,,,,,,,,,,,,,,,,,,,,,,,,,,,,0.0009699999999999152
3508,3508.0,USDCAD,H1,2022-01-24 08:00:00,2022-01-24T08:00:00,0.04112041951781032,0.40980392156862777,0.42083082480433376,0.42690417690417704,0.4237671542753745,0.40980392156862777,0.42083082480433376,0.42690417690417704,0.4237671542753745,0.40980392156862777,0.42083082480433376,0.42690417690417704,0.4237671542753745,0.0009300000000000974,0.5318246110325366,0.0009300000000000974,,,,,,,,,,,,,,,,,,,,,,,,,,,,,,,0.000930000000000098
3509,3509.0,USDCAD,H1,2022-01-24 09:00:00,2022-01-24T09:00:00,0.06290635458634436,0.4236802413273004,0.43512944009632903,0.4404176904176893,0.4240687679083095,0.4236802413273004,0.43512944009632903,0.4404176904176893,0.4240687679083095,0.4236802413273004,0.43512944009632903,0.4404176904176893,0.4240687679083095,1.999999999990898e-05,0.4674681753889581,1.999999999990898e-05,,,,,,,,,,,,,,,,,,,,,,,,,,,,,,,1.9999999999908597e-05
3510,3510.0,USDCAD,H1,2022-01-24 10:00:00,2022-01-24T10:00:00,0.07028202340602417,0.42413273001508145,0.44626730885008925,0.42905405405405617,0.45196802895490507,0.42413273001508145,0.44626730885008925,0.42905405405405617,0.45196802895490507,0.42413273001508145,0.44626730885008925,0.42905405405405617,0.45196802895490507,0.0018499999999999073,0.5968882602545891,0.0018499999999999073,,,,,,,,,,,,,,,,,,,,,,,,,,,,,,,0.0018499999999999075
3511,3511.0,USDCAD,H1,2022-01-24 11:00:00,2022-01-24T11:00:00,0.06881115303446952,0.4518853695324303,0.45680313064418954,0.4614557739557732,0.45423013120192834,0.4518853695324303,0.45680313064418954,0.4614557739557732,0.45423013120192834,0.4518853695324303,0.45680313064418954,0.4614557739557732,0.45423013120192834,0.0001500000000000945,0.4766619519094805,0.0001500000000000945,,,,,,,,,,,,,,,,,,,,,,,,,,,,,,,0.0001500000000000943
3512,3512.0,USDCAD,H1,2022-01-24 12:00:00,2022-01-24T12:00:00,0.08850802583615783,0.4544494720965311,0.4760686333534032,0.47374078624078564,0.46885839239933347,0.4544494720965311,0.4760686333534032,0.47374078624078564,0.46885839239933347,0.4544494720965311,0.4760686333534032,0.47374078624078564,0.46885839239933347,0.0009699999999999154,0.5346534653465266,0.0009699999999999154,,,,,,,,,,,,,,,,,,,,,,,,,,,,,,,0.0009699999999999152
3513,3513.0,USDCAD,H1,2022-01-24 13:00:00,2022-01-24T13:00:00,0.07480121933022106,0.4689291101055808,0.47501505117399034,0.47235872235872023,0.47277936962750644,0.4689291101055808,0.47501505117399034,0.47235872235872023,0.47277936962750644,0.4689291101055808,0.47501505117399034,0.47235872235872023,0.47277936962750644,0.000260000000000149,0.4844413012729923,0.000260000000000149,,,,,,,,,,,,,,,,,,,,,,,,,,,,,,,0.00026000000000014927
3514,3514.0,USDCAD,H1,2022-01-24 14:00:00,2022-01-24T14:00:00,0.10720300142823645,0.4726998491704357,0.4888621312462398,0.48955773955773907,0.4923842557683571,0.4726998491704357,0.4888621312462398,0.48955773955773907,0.4923842557683571,0.4726998491704357,0.4888621312462398,0.48955773955773907,0.4923842557683571,0.0012999999999998568,0.5579915134370461,0.0012999999999998568,,,,,,,,,,,,,,,,,,,,,,,,,,,,,,,0.001299999999999857
3515,3515.0,USDCAD,H1,2022-01-24 15:00:00,2022-01-24T15:00:00,0.1152821299908337,0.4924585218702866,0.5243829018663462,0.5039926289926306,0.5312924144171305,0.4924585218702866,0.5243829018663462,0.5039926289926306,0.5312924144171305,0.4924585218702866,0.5243829018663462,0.5039926289926306,0.5312924144171305,0.0025800000000000267,0.6485148514851498,0.0025800000000000267,,,,,,,,,,,,,,,,,,,,,,,,,,,,,,,0.0025800000000000263
3516,3516.0,USDCAD,H1,2022-01-24 16:00:00,2022-01-24T16:00:00,0.18839930933043422,0.5310708898944192,0.5362733293196875,0.5308660933660931,0.5344593575629624,0.5310708898944192,0.5362733293196875,0.5308660933660931,0.5344593575629624,0.5310708898944192,0.5362733293196875,0.5308660933660931,0.5344593575629624,0.00021000000000004349,0.48090523338048125,0.00021000000000004349,,,,,,,,,,,,,,,,,,,,,,,,,,,,,,,0.0002100000000000438
3517,3517.0,USDCAD,H1,2022-01-24 17:00:00,2022-01-24T17:00:00,0.27032039393745605,0.5345399698340856,0.5740517760385302,0.5434582309582296,0.553762630070878,0.5345399698340856,0.5740517760385302,0.5434582309582296,0.553762630070878,0.5345399698340856,0.5740517760385302,0.5434582309582296,0.553762630070878,0.0012799999999999478,0.5565770862800511,0.0012799999999999478,,,,,,,,,,,,,,,,,,,,,,,,,,,,,,,0.0012799999999999478
3518,3518.0,USDCAD,H1,2022-01-24 18:00:00,2022-01-24T18:00:00,0.21135767730383065,0.5533936651583709,0.605659241420831,0.5686425061425027,0.5904086864726281,0.5533936651583709,0.605659241420831,0.5686425061425027,0.5904086864726281,0.5533936651583709,0.605659241420831,0.5686425061425027,0.5904086864726281,0.0024300000000001543,0.637906647807648,0.0024300000000001543,,,,,,,,,,,,,,,,,,,,,,,,,,,,,,,0.0024300000000001543
3519,3519.0,USDCAD,H1,2022-01-24 19:00:00,2022-01-24T19:00:00,0.20086973204578884,0.5904977375565608,0.6040036122817583,0.5846130221130217,0.5705021866988389,0.5904977375565608,0.6040036122817583,0.5846130221130217,0.5705021866988389,0.5904977375565608,0.6040036122817583,0.5846130221130217,0.5705021866988389,-0.0013199999999999878,0.3727015558698694,-0.0013199999999999878,,,,,,,,,,,,,,,,,,,,,,,,,,,,,,,-0.0013199999999999878
3520,3520.0,USDCAD,H1,2022-01-24 20:00:00,2022-01-24T20:00:00,0.15358871053697426,0.570588235294121,0.5666767007826614,0.5489864864864842,0.5302367667018544,0.570588235294121,0.5666767007826614,0.5489864864864842,0.5302367667018544,0.570588235294121,0.5666767007826614,0.5489864864864842,0.5302367667018544,-0.0026700000000001722,0.2772277227722597,-0.0026700000000001722,,,,,,,,,,,,,,,,,,,,,,,,,,,,,,,-0.002670000000000172
3521,3521.0,USDCAD,H1,2022-01-24 21:00:00,2022-01-24T21:00:00,0.22225064483809767,0.5303167420814461,0.5440999397953021,0.535933660933658,0.5320464484994716,0.5303167420814461,0.5440999397953021,0.535933660933658,0.5320464484994716,0.5303167420814461,0.5440999397953021,0.535933660933658,0.5320464484994716,0.00012000000000012001,0.4745403111739802,0.00012000000000012001,,,,,,,,,,,,,,,,,,,,,,,,,,,,,,,0.00012000000000012035
3522,3522.0,USDCAD,H1,2022-01-24 22:00:00,2022-01-24T22:00:00,0.17919038178678776,0.5321266968325808,0.5335641180012054,0.5138206388206399,0.5210375508972973,0.5321266968325808,0.5335641180012054,0.5138206388206399,0.5210375508972973,0.5321266968325808,0.5335641180012054,0.5138206388206399,0.5210375508972973,-0.0007300000000001194,0.41442715700140237,-0.0007300000000001194,,,,,,,,,,,,,,,,,,,,,,,,,,,,,,,-0.0007300000000001194
3523,3523.0,USDCAD,H1,2022-01-24 23:00:00,2022-01-24T23:00:00,0.05103280680437424,0.5211161387631975,0.519717037928956,0.518120393120391,0.5122907555421499,0.5211161387631975,0.519717037928956,0.518120393120391,0.5122907555421499,0.5211161387631975,0.519717037928956,0.518120393120391,0.5122907555421499,-0.0005800000000000249,0.4250353606789198,-0.0005800000000000249,,,,,,,,,,,,,,,,,,,,,,,,,,,,,,,-0.0005800000000000252
3524,3524.0,USDCAD,H1,2022-01-25 00:00:00,2022-01-25T00:00:00,0.001470870371554646,0.51236802413273,0.5093317278747769,0.5230343980343974,0.5128939828080199,0.51236802413273,0.5093317278747769,0.5230343980343974,0.5128939828080199,0.51236802413273,0.5093317278747769,0.5230343980343974,0.5128939828080199,4.0000000000040004e-05,0.4688826025459688,4.0000000000040004e-05,,,,,,,,,,,,,,,,,,,,,,,,,,,,,,,4.000000000004012e-05
3525,3525.0,USDCAD,H1,2022-01-25 01:00:00,2022-01-25T01:00:00,0.02547376947837394,0.512971342383107,0.5186634557495466,0.5182739557739531,0.4982657216106148,0.512971342383107,0.5186634557495466,0.5182739557739531,0.4982657216106148,0.512971342383107,0.5186634557495466,0.5182739557739531,0.4982657216106148,-0.0009699999999999154,0.39745403111739963,-0.0009699999999999154,,,,,,,,,,,,,,,,,,,,,,,,,,,,,,,-0.0009699999999999152
3526,3526.0,USDCAD,H1,2022-01-25 02:00:00,2022-01-25T02:00:00,0.06921617531069472,0.4981900452488688,0.5078266104756146,0.5069103194103199,0.5131955964409585,0.4981900452488688,0.5078266104756146,0.5069103194103199,0.5131955964409585,0.4981900452488688,0.5078266104756146,0.5069103194103199,0.5131955964409585,0.0009900000000000464,0.5360678925035373,0.0009900000000000464,,,,,,,,,,,,,,,,,,,,,,,,,,,,,,,0.0009900000000000457
3527,3527.0,USDCAD,H1,2022-01-25 03:00:00,2022-01-25T03:00:00,0.08315746839760398,0.5132730015082956,0.5255869957856731,0.5288697788697796,0.5177198009350015,0.5132730015082956,0.5255869957856731,0.5288697788697796,0.5177198009350015,0.5132730015082956,0.5255869957856731,0.5288697788697796,0.5177198009350015,0.00029999999999996696,0.4872701555869823,0.00029999999999996696,,,,,,,,,,,,,,,,,,,,,,,,,,,,,,,0.0002999999999999673
3528,3528.0,USDCAD,H1,2022-01-25 04:00:00,2022-01-25T04:00:00,0.053953230585576946,0.5177978883861236,0.5288982540638152,0.5365479115479097,0.5208867440808334,0.5177978883861236,0.5288982540638152,0.5365479115479097,0.5208867440808334,0.5177978883861236,0.5288982540638152,0.5365479115479097,0.5208867440808334,0.00021000000000004349,0.48090523338048125,0.00021000000000004349,,,,,,,,,,,,,,,,,,,,,,,,,,,,,,,0.0002100000000000438
3529,3529.0,USDCAD,H1,2022-01-25 05:00:00,2022-01-25T05:00:00,0.044701669118117286,0.520814479638009,0.535671282360024,0.5413083538083541,0.5279746644548347,0.520814479638009,0.535671282360024,0.5413083538083541,0.5279746644548347,0.520814479638009,0.535671282360024,0.5413083538083541,0.5279746644548347,0.00046999999999997044,0.49929278642149466,0.00046999999999997044,,,,,,,,,,,,,,,,,,,,,,,,,,,,,,,0.00046999999999997017
3530,3530.0,USDCAD,H1,2022-01-25 06:00:00,2022-01-25T06:00:00,0.030930911726460744,0.5280542986425338,0.540036122817579,0.5468366093366086,0.5398884029558104,0.5280542986425338,0.540036122817579,0.5468366093366086,0.5398884029558104,0.5280542986425338,0.540036122817579,0.5468366093366086,0.5398884029558104,0.0007899999999998464,0.5219236209335089,0.0007899999999998464,,,,,,,,,,,,,,,,,,,,,,,,,,,,,,,0.0007899999999998468
3531,3531.0,USDCAD,H1,2022-01-25 07:00:00,2022-01-25T07:00:00,0.035556692460190574,0.5401206636500753,0.5397350993377472,0.5325552825552826,0.5147036646056407,0.5401206636500753,0.5397350993377472,0.5325552825552826,0.5147036646056407,0.5401206636500753,0.5397350993377472,0.5325552825552826,0.5147036646056407,-0.0016699999999998383,0.3479490806223549,-0.0016699999999998383,,,,,,,,,,,,,,,,,,,,,,,,,,,,,,,-0.0016699999999998385
3532,3532.0,USDCAD,H1,2022-01-25 08:00:00,2022-01-25T08:00:00,0.052780797680714545,0.5147812971342383,0.5174593618302232,0.5221130221130217,0.5106318805610002,0.5147812971342383,0.5174593618302232,0.5221130221130217,0.5106318805610002,0.5147812971342383,0.5174593618302232,0.5221130221130217,0.5106318805610002,-0.00026999999999999247,0.4469589816124443,-0.00026999999999999247,,,,,,,,,,,,,,,,,,,,,,,,,,,,,,,-0.0002699999999999925
3533,3533.0,USDCAD,H1,2022-01-25 09:00:00,2022-01-25T09:00:00,0.09844173008462834,0.5107088989441948,0.5231788079470192,0.5302518427518415,0.5169657668526604,0.5107088989441948,0.5231788079470192,0.5302518427518415,0.5169657668526604,0.5107088989441948,0.5231788079470192,0.5302518427518415,0.5169657668526604,0.0004199999999998649,0.4957567185289836,0.0004199999999998649,,,,,,,,,,,,,,,,,,,,,,,,,,,,,,,0.0004199999999998647
3534,3534.0,USDCAD,H1,2022-01-25 10:00:00,2022-01-25T10:00:00,0.1621368122615165,0.5171945701357465,0.5281456953642376,0.526873464373466,0.5251093349419378,0.5171945701357465,0.5281456953642376,0.526873464373466,0.5251093349419378,0.5171945701357465,0.5281456953642376,0.526873464373466,0.5251093349419378,0.0005399999999999849,0.5042432814710007,0.0005399999999999849,,,,,,,,,,,,,,,,,,,,,,,,,,,,,,,0.000539999999999985
3535,3535.0,USDCAD,H1,2022-01-25 11:00:00,2022-01-25T11:00:00,0.11223380443819148,0.525188536953241,0.5291992775436505,0.521345208845208,0.5134972100738935,0.525188536953241,0.5291992775436505,0.521345208845208,0.5134972100738935,0.525188536953241,0.5291992775436505,0.521345208845208,0.5134972100738935,-0.0007699999999999374,0.4115983026874124,-0.0007699999999999374,,,,,,,,,,,,,,,,,,,,,,,,,,,,,,,-0.0007699999999999374
3536,3536.0,USDCAD,H1,2022-01-25 12:00:00,2022-01-25T12:00:00,0.0973545650273923,0.512971342383107,0.5170078266104738,0.5224201474201458,0.5174181873020629,0.512971342383107,0.5170078266104738,0.5224201474201458,0.5174181873020629,0.512971342383107,0.5170078266104738,0.5224201474201458,0.5174181873020629,0.00025999999999992696,0.4844413012729766,0.00025999999999992696,,,,,,,,,,,,,,,,,,,,,,,,,,,,,,,0.0002599999999999272
3537,3537.0,USDCAD,H1,2022-01-25 13:00:00,2022-01-25T13:00:00,0.09038391848393768,0.5176470588235276,0.523479831426851,0.5210380835380839,0.5232996531443206,0.5176470588235276,0.523479831426851,0.5210380835380839,0.5232996531443206,0.5176470588235276,0.523479831426851,0.5210380835380839,0.5232996531443206,0.0003900000000001125,0.493635077793499,0.0003900000000001125,,,,,,,,,,,,,,,,,,,,,,,,,,,,,,,0.00039000000000011286
3538,3538.0,USDCAD,H1,2022-01-25 14:00:00,2022-01-25T14:00:00,0.08477755750250475,0.5232277526395173,0.5344671884406971,0.543151105651102,0.5278238576383636,0.5232277526395173,0.5344671884406971,0.543151105651102,0.5278238576383636,0.5232277526395173,0.5344671884406971,0.543151105651102,0.5278238576383636,0.00029999999999996696,0.4872701555869823,0.00029999999999996696,,,,,,,,,,,,,,,,,,,,,,,,,,,,,,,0.0002999999999999673
3539,3539.0,USDCAD,H1,2022-01-25 15:00:00,2022-01-25T15:00:00,0.11408838012406472,0.5279034690799378,0.5258880192655013,0.5342444717444721,0.5229980395113856,0.5279034690799378,0.5258880192655013,0.5342444717444721,0.5229980395113856,0.5279034690799378,0.5258880192655013,0.5342444717444721,0.5229980395113856,-0.00031999999999987594,0.44342291371994896,-0.00031999999999987594,,,,,,,,,,,,,,,,,,,,,,,,,,,,,,,-0.0003199999999998759
3540,3540.0,USDCAD,H1,2022-01-25 16:00:00,2022-01-25T16:00:00,0.22218669395237792,0.5230769230769248,0.5459060806742926,0.517966830466829,0.5508973005579847,0.5230769230769248,0.5459060806742926,0.517966830466829,0.5508973005579847,0.5230769230769248,0.5459060806742926,0.517966830466829,0.5508973005579847,0.0018499999999999073,0.5968882602545891,0.0018499999999999073,,,,,,,,,,,,,,,,,,,,,,,,,,,,,,,0.0018499999999999075
3541,3541.0,USDCAD,H1,2022-01-25 17:00:00,2022-01-25T17:00:00,0.28466670930059046,0.5508295625942665,0.5564419024683929,0.5133599508599502,0.5119891419092149,0.5508295625942665,0.5564419024683929,0.5133599508599502,0.5119891419092149,0.5508295625942665,0.5564419024683929,0.5133599508599502,0.5119891419092149,-0.0025800000000000267,0.28359264497877645,-0.0025800000000000267,,,,,,,,,,,,,,,,,,,,,,,,,,,,,,,-0.0025800000000000263
3542,3542.0,USDCAD,H1,2022-01-25 18:00:00,2022-01-25T18:00:00,0.16533435654750486,0.51236802413273,0.5203190848886194,0.5185810810810807,0.5165133464032543,0.51236802413273,0.5203190848886194,0.5185810810810807,0.5165133464032543,0.51236802413273,0.5203190848886194,0.5185810810810807,0.5165133464032543,0.00029999999999996696,0.4872701555869823,0.00029999999999996696,,,,,,,,,,,,,,,,,,,,,,,,,,,,,,,0.0002999999999999673
3543,3543.0,USDCAD,H1,2022-01-25 19:00:00,2022-01-25T19:00:00,0.13220779774466543,0.5165912518853695,0.5126429861529189,0.5101351351351369,0.5003770170411705,0.5165912518853695,0.5126429861529189,0.5101351351351369,0.5003770170411705,0.5165912518853695,0.5126429861529189,0.5101351351351369,0.5003770170411705,-0.0010699999999999044,0.3903818953323932,-0.0010699999999999044,,,,,,,,,,,,,,,,,,,,,,,,,,,,,,,-0.0010699999999999048
3544,3544.0,USDCAD,H1,2022-01-25 20:00:00,2022-01-25T20:00:00,0.10033893969431477,0.5004524886877846,0.5003010234798317,0.4867936117936118,0.46855677876639845,0.5004524886877846,0.5003010234798317,0.4867936117936118,0.46855677876639845,0.5004524886877846,0.5003010234798317,0.4867936117936118,0.46855677876639845,-0.0021100000000000563,0.316831683168308,-0.0021100000000000563,,,,,,,,,,,,,,,,,,,,,,,,,,,,,,,-0.002110000000000056
3545,3545.0,USDCAD,H1,2022-01-25 21:00:00,2022-01-25T21:00:00,0.07616550489224276,0.46862745098039227,0.4697471402769402,0.474815724815727,0.45845272206303633,0.46862745098039227,0.4697471402769402,0.474815724815727,0.45845272206303633,0.46862745098039227,0.4697471402769402,0.474815724815727,0.45845272206303633,-0.0006699999999999484,0.41867043847241875,-0.0006699999999999484,,,,,,,,,,,,,,,,,,,,,,,,,,,,,,,-0.0006699999999999486
3546,3546.0,USDCAD,H1,2022-01-25 22:00:00,2022-01-25T22:00:00,0.11091215279998294,0.4585218702865781,0.49157134256471835,0.4754299754299751,0.48966973307193484,0.4585218702865781,0.49157134256471835,0.4754299754299751,0.48966973307193484,0.4585218702865781,0.49157134256471835,0.4754299754299751,0.48966973307193484,0.0020700000000000163,0.6124469589816125,0.0020700000000000163,,,,,,,,,,,,,,,,,,,,,,,,,,,,,,,0.002070000000000016
3547,3547.0,USDCAD,H1,2022-01-25 23:00:00,2022-01-25T23:00:00,0.03702756283174522,0.4897435897435898,0.5019566526189045,0.5046068796068788,0.500075403408232,0.4897435897435898,0.5019566526189045,0.5046068796068788,0.500075403408232,0.4897435897435898,0.5019566526189045,0.5046068796068788,0.500075403408232,0.0006899999999998574,0.5148514851485024,0.0006899999999998574,,,,,,,,,,,,,,,,,,,,,,,,,,,,,,,0.0006899999999998572
3548,3548.0,USDCAD,H1,2022-01-26 00:00:00,2022-01-26T00:00:00,0.004178124533691458,0.5001508295625925,0.497441300421432,0.5113636363636331,0.49886894887648836,0.5001508295625925,0.497441300421432,0.5113636363636331,0.49886894887648836,0.5001508295625925,0.497441300421432,0.5113636363636331,0.49886894887648836,-7.999999999985796e-05,0.4603960396039674,-7.999999999985796e-05,,,,,,,,,,,,,,,,,,,,,,,,,,,,,,,-7.99999999998581e-05
3549,3549.0,USDCAD,H1,2022-01-26 01:00:00,2022-01-26T01:00:00,0.06721238089147535,0.4989441930618419,0.49217338952438183,0.503378378378379,0.48529633539435935,0.4989441930618419,0.49217338952438183,0.503378378378379,0.48529633539435935,0.4989441930618419,0.49217338952438183,0.503378378378379,0.48529633539435935,-0.0009000000000001229,0.40240452616688993,-0.0009000000000001229,,,,,,,,,,,,,,,,,,,,,,,,,,,,,,,-0.0009000000000001231
3550,,,,,,,,,,,,,,0.48743513226509094,,,,,,0.4760894477367401,,0.48529633539435935,0.49886894887648836,0.500075403408232,0.48966973307193484,0.45845272206303633,0.46855677876639845,0.5003770170411705,0.5165133464032543,0.5119891419092149,0.5508973005579847,0.5229980395113856,0.5278238576383636,0.5232996531443206,0.5174181873020629,0.5134972100738935,0.40240452616688993,0.4603960396039674,0.5148514851485024,0.6124469589816125,0.41867043847241875,0.316831683168308,0.3903818953323932,0.4872701555869823,0.28359264497877645,0.5968882602545891,0.44342291371994896,0.4872701555869823,0.493635077793499,0.4844413012729766,0.4115983026874124,0.00014190479099754507
3551,,,,,,,,,,,,,,0.48777464032173157,,,,,,0.4676443636417389,,0.48743513226509094,0.48529633539435935,0.49886894887648836,0.500075403408232,0.48966973307193484,0.45845272206303633,0.46855677876639845,0.5003770170411705,0.5165133464032543,0.5119891419092149,0.5508973005579847,0.5229980395113856,0.5278238576383636,0.5232996531443206,0.5174181873020629,0.4760894477367401,0.40240452616688993,0.4603960396039674,0.5148514851485024,0.6124469589816125,0.41867043847241875,0.316831683168308,0.3903818953323932,0.4872701555869823,0.28359264497877645,0.5968882602545891,0.44342291371994896,0.4872701555869823,0.493635077793499,0.4844413012729766,2.249130189422933e-05
3552,,,,,,,,,,,,,,0.48873403668403625,,,,,,0.47055724263191223,,0.48777464032173157,0.48743513226509094,0.48529633539435935,0.49886894887648836,0.500075403408232,0.48966973307193484,0.45845272206303633,0.46855677876639845,0.5003770170411705,0.5165133464032543,0.5119891419092149,0.5508973005579847,0.5229980395113856,0.5278238576383636,0.5232996531443206,0.4676443636417389,0.4760894477367401,0.40240452616688993,0.4603960396039674,0.5148514851485024,0.6124469589816125,0.41867043847241875,0.316831683168308,0.3903818953323932,0.4872701555869823,0.28359264497877645,0.5968882602545891,0.44342291371994896,0.4872701555869823,0.493635077793499,6.367941081527982e-05
3553,,,,,,,,,,,,,,0.4916885197162628,,,,,,0.47991687059402466,,0.48873403668403625,0.48777464032173157,0.48743513226509094,0.48529633539435935,0.49886894887648836,0.500075403408232,0.48966973307193484,0.45845272206303633,0.46855677876639845,0.5003770170411705,0.5165133464032543,0.5119891419092149,0.5508973005579847,0.5229980395113856,0.5278238576383636,0.47055724263191223,0.4676443636417389,0.4760894477367401,0.40240452616688993,0.4603960396039674,0.5148514851485024,0.6124469589816125,0.41867043847241875,0.316831683168308,0.3903818953323932,0.4872701555869823,0.28359264497877645,0.5968882602545891,0.44342291371994896,0.4872701555869823,0.00019602455019954786
3554,,,,,,,,,,,,,,0.4912727177143097,,,,,,0.4641049802303314,,0.4916885197162628,0.48873403668403625,0.48777464032173157,0.48743513226509094,0.48529633539435935,0.49886894887648836,0.500075403408232,0.48966973307193484,0.45845272206303633,0.46855677876639845,0.5003770170411705,0.5165133464032543,0.5119891419092149,0.5508973005579847,0.5229980395113856,0.47991687059402466,0.47055724263191223,0.4676443636417389,0.4760894477367401,0.40240452616688993,0.4603960396039674,0.5148514851485024,0.6124469589816125,0.41867043847241875,0.316831683168308,0.3903818953323932,0.4872701555869823,0.28359264497877645,0.5968882602545891,0.44342291371994896,-2.7555579543071664e-05
3555,,,,,,,,,,,,,,0.49296262860298157,,,,,,0.47398117184638977,,0.4912727177143097,0.4916885197162628,0.48873403668403625,0.48777464032173157,0.48743513226509094,0.48529633539435935,0.49886894887648836,0.500075403408232,0.48966973307193484,0.45845272206303633,0.46855677876639845,0.5003770170411705,0.5165133464032543,0.5119891419092149,0.5508973005579847,0.4641049802303314,0.47991687059402466,0.47055724263191223,0.4676443636417389,0.4760894477367401,0.40240452616688993,0.4603960396039674,0.5148514851485024,0.6124469589816125,0.41867043847241875,0.316831683168308,0.3903818953323932,0.4872701555869823,0.28359264497877645,0.5968882602545891,0.00011209376990799161
3556,,,,,,,,,,,,,,0.4879195988178253,,,,,,0.4423961341381073,,0.49296262860298157,0.4912727177143097,0.4916885197162628,0.48873403668403625,0.48777464032173157,0.48743513226509094,0.48529633539435935,0.49886894887648836,0.500075403408232,0.48966973307193484,0.45845272206303633,0.46855677876639845,0.5003770170411705,0.5165133464032543,0.5119891419092149,0.47398117184638977,0.4641049802303314,0.47991687059402466,0.47055724263191223,0.4676443636417389,0.4760894477367401,0.40240452616688993,0.4603960396039674,0.5148514851485024,0.6124469589816125,0.41867043847241875,0.316831683168308,0.3903818953323932,0.4872701555869823,0.28359264497877645,-0.0003345186632871168
3557,,,,,,,,,,,,,,0.4891383945941925,,,,,,0.47177058458328247,,0.4879195988178253,0.49296262860298157,0.4912727177143097,0.4916885197162628,0.48873403668403625,0.48777464032173157,0.48743513226509094,0.48529633539435935,0.49886894887648836,0.500075403408232,0.48966973307193484,0.45845272206303633,0.46855677876639845,0.5003770170411705,0.5165133464032543,0.4423961341381073,0.47398117184638977,0.4641049802303314,0.47991687059402466,0.47055724263191223,0.4676443636417389,0.4760894477367401,0.40240452616688993,0.4603960396039674,0.5148514851485024,0.6124469589816125,0.41867043847241875,0.316831683168308,0.3903818953323932,0.4872701555869823,8.08360660076548e-05
3558,,,,,,,,,,,,,,0.4923866093158722,,,,,,0.48128971457481384,,0.4891383945941925,0.4879195988178253,0.49296262860298157,0.4912727177143097,0.4916885197162628,0.48873403668403625,0.48777464032173157,0.48743513226509094,0.48529633539435935,0.49886894887648836,0.500075403408232,0.48966973307193484,0.45845272206303633,0.46855677876639845,0.5003770170411705,0.47177058458328247,0.4423961341381073,0.47398117184638977,0.4641049802303314,0.47991687059402466,0.47055724263191223,0.4676443636417389,0.4760894477367401,0.40240452616688993,0.4603960396039674,0.5148514851485024,0.6124469589816125,0.41867043847241875,0.316831683168308,0.3903818953323932,0.00021543656408790668
3559,,,,,,,,,,,,,,0.49111250042915344,,,,,,0.4600870609283447,,0.4923866093158722,0.4891383945941925,0.4879195988178253,0.49296262860298157,0.4912727177143097,0.4916885197162628,0.48873403668403625,0.48777464032173157,0.48743513226509094,0.48529633539435935,0.49886894887648836,0.500075403408232,0.48966973307193484,0.45845272206303633,0.46855677876639845,0.48128971457481384,0.47177058458328247,0.4423961341381073,0.47398117184638977,0.4641049802303314,0.47991687059402466,0.47055724263191223,0.4676443636417389,0.4760894477367401,0.40240452616688993,0.4603960396039674,0.5148514851485024,0.6124469589816125,0.41867043847241875,0.316831683168308,-8.436895847316279e-05
