,midCloseDelta,Prediction
3515,1.000000000006541e-05,-0.00028148954
3516,-0.00021999999999999797,-0.00027989098
3517,0.0001999999999999776,-0.0005177548
3518,0.002270000000000105,0.00057840167
3519,0.0017399999999999634,-6.778428e-05
3520,0.0016499999999999295,-0.00070088747
3521,0.0012600000000000384,-0.00094950607
3522,0.00023000000000006338,-0.0008646045
3523,0.0012900000000000138,-0.00022637994
3524,0.0014699999999999711,-0.00041841305
3525,-0.00012000000000000918,-0.0033859445
3526,-0.0012499999999999731,-0.0030668918
3527,-0.0008700000000000369,-0.001386075
3528,-0.0013300000000000534,-0.00015125237
3529,-2.000000000002039e-05,-0.00042030367
3530,0.0008799999999999919,-0.0005762372
3531,-0.00013999999999991778,-0.0011973522
3532,-9.99999999995498e-06,-0.0007554576
3533,0.0007599999999999827,7.938717e-05
3534,-0.00047000000000008173,0.00019514574
3535,-0.002190000000000025,0.0006674516
3536,-0.0011099999999999441,-0.00027333276
3537,0.00034999999999996075,0.0015188786
3538,0.00029000000000001274,0.00035400418
3539,0.0008700000000000369,-0.00092702475
3540,0.0009799999999999807,-0.00022845207
3541,0.00046000000000001633,-0.00021604195
3542,0.0023800000000000487,-0.00061814766
3543,0.0024499999999999518,0.00052703306
3544,-0.0005900000000000909,0.00017218682
3545,-0.002259999999999929,6.910847e-05
3546,-0.00044999999999995093,-0.0005190518
3547,0.0011999999999999786,-2.6023815e-06
3548,0.00029000000000001274,-0.00061940955
3549,0.00012999999999996416,-4.9193608e-05
3550,5.9999999999949376e-05,-0.00042756237
3551,-0.0001700000000000036,-0.00011478467
3552,0.0006099999999999995,0.00038288525
3553,0.00031000000000003177,-9.660316e-05
3554,-0.0006300000000000199,-0.00034669708
3555,-0.0007300000000000087,0.00021014037
3556,0.00040000000000006697,0.00041921608
3557,0.0015100000000000118,0.0003793258
3558,0.0017000000000000344,-0.00022144077
3559,0.0005899999999999791,-9.1565904e-05
3560,-0.00030000000000007814,0.00038768462
3561,-0.0005999999999999341,0.00084447255
3562,-0.0004999999999999454,0.0012328564
3563,-0.0009000000000000123,-0.0005329229
3564,-0.0001100000000000542,0.00069426856
3565,0.0009799999999999807,-5.7321125e-05
3566,-0.0012400000000000189,0.00030387545
3567,-0.004390000000000005,-0.00018890655
3568,-0.0041599999999999415,-0.00025915497
3569,-0.0012600000000000384,-0.00044161058
3570,0.00034999999999996075,7.8923855e-05
3571,0.0007800000000000031,0.00032739504
3572,-0.0018099999999999783,-0.00042497786
3573,-0.003920000000000035,-0.00028628085
3574,-0.0018599999999999726,-0.0004987067
3575,-0.00013999999999991778,6.043273e-05
3576,0.00014000000000002956,0.0003827147
3577,-0.0007099999999999883,0.00049652194
3578,-0.0013400000000000083,-4.4348868e-05
3579,-0.00046000000000001633,-0.00049252686
3580,0.0022499999999999742,-0.0011977534
3581,0.002329999999999944,-0.0015052881
3582,-0.0013100000000000336,0.00019437134
3583,-0.0016800000000000148,-0.00030838634
3584,-0.00015999999999993816,-0.00049899943
3585,0.00037000000000009297,-0.0006004229
3586,0.0007999999999999117,0.0007166976
3587,-0.0029300000000000988,-0.00046071946
3588,-0.003869999999999929,-0.00024374461
3589,-0.0015499999999999407,-0.00038138102
3590,-0.0010400000000000405,7.41889e-05
3591,-0.000909999999999966,-6.6243534e-05
3592,-0.0005699999999999601,-0.0006657841
3593,0.0005899999999999791,-0.00056274526
3594,0.00039000000000000157,-0.00017331979
3595,0.00039000000000000157,0.00017827295
3596,0.00036000000000002756,-0.00029797002
3597,0.0006699999999999488,-0.00074056984
3598,0.0008899999999999468,-0.0009816634
3599,-0.00029000000000001274,-0.0004231231
3600,-0.0017000000000000344,0.0003402919
3601,-0.00010999999999994377,0.0009320351
3602,0.0006099999999999995,0.0007647988
3603,-0.0019799999999999818,0.0005566834
3604,-0.002769999999999939,0.0006708551
3605,-0.0016900000000000808,0.0009617711
3606,-0.0023600000000000283,0.0007639973
3607,-0.0021199999999998997,0.0004898678
3608,-0.0010700000000000152,0.0004528826
3609,0.002039999999999931,0.0010143884
3610,0.0021400000000000303,0.000615665
3611,-0.00037999999999993616,-0.0013479488
3612,0.00046000000000001633,0.00042573843
3613,-0.0008900000000000573,0.00016172513
3614,-0.0010200000000000209,-5.676851e-05
3615,-0.0005300000000000311,0.00028883325
3616,0.0009200000000000314,0.000659936
3617,0.0007400000000000741,0.00023794037
3618,-7.000000000001478e-05,0.00052342605
3619,0.000689999999999968,0.0006560567
3620,4.99999999999944e-05,0.0006573551
3621,0.0013300000000000534,0.00059337215
3622,0.0018699999999999275,0.00055023056
3623,-0.00024000000000001836,-0.0004861399
3624,-0.0004999999999999454,0.00030633845
3625,0.0013799999999999373,-0.00021160563
3626,0.002329999999999944,-0.000581669
3627,0.0022499999999999742,8.059635e-05
3628,0.001530000000000031,0.0001665933
3629,0.0008900000000000573,-0.00030121766
3630,0.00013000000000007458,0.00046773744
3631,-0.0005100000000000108,0.0011229864
3632,0.0001999999999999776,0.0004590639
3633,0.0019900000000000473,0.00041277203
3634,0.0015499999999999407,0.0003197733
3635,-0.0017700000000000493,-0.0001865248
3636,-0.0005199999999999644,-0.0003195375
3637,0.0012699999999999934,0.00029424526
3638,0.000689999999999968,-5.3095606e-05
3639,0.0011499999999999844,-0.00024125965
3640,2.000000000002039e-05,-0.00023925267
3641,-0.0007300000000000087,0.00014520001
3642,-0.00039000000000000157,0.00020513532
3643,0.0001600000000000486,-8.749483e-05
3644,0.00014000000000002956,-0.000229266
3645,-0.0005100000000000108,-0.0005775913
3646,0.0005600000000000052,-0.00018212947
3647,-0.0025600000000000067,-0.00042855926
3648,-0.0007200000000000537,0.0005976884
3649,0.002879999999999994,0.00034182094
3650,-0.00039999999999995654,-0.00029348905
3651,0.0016700000000000603,0.0005696813
3652,0.0022600000000000398,-0.00043917686
3653,-0.00021999999999999797,0.000121517194
3654,0.000249999999999972,0.00029085999
3655,0.0017800000000000042,0.0005648775
3656,0.0009399999999999413,0.001851093
3657,0.00043999999999999595,-0.00016929189
3658,-0.00042999999999993055,-0.0003681006
3659,0.0007800000000000031,-0.00059110817
3660,0.0017899999999999579,-0.0007813106
3661,0.00010999999999994377,-0.0014677594
3662,0.00046999999999996995,-7.892009e-05
3663,0.00041000000000002195,0.00049208413
3664,0.0013199999999999878,0.00031157112
3665,0.0011700000000000046,-1.4178093e-05
3666,0.0,8.97969e-05
3667,0.0005999999999999341,0.0004225435
3668,0.0012100000000000442,0.0006729229
3669,0.0001100000000000542,0.0003497757
3670,-0.0003800000000000466,0.00035541243
3671,-0.0006099999999999995,0.0008875453
3672,-0.00025999999999992696,0.00096969586
3673,0.0005300000000000311,0.00018260094
3674,0.00017999999999995857,0.00028149036
3675,0.00037999999999993616,0.001090914
3676,-0.0010099999999999554,0.00023033765
3677,0.00039000000000000157,0.00025074868
3678,0.002699999999999925,0.00042621495
3679,0.0006800000000000144,0.0010722926
3680,0.0005200000000000762,0.00023921396
3681,-0.0012900000000000131,0.00088784756
3682,-0.0028299999999999996,0.0010277303
3683,-0.0011999999999999786,0.00082475244
3684,-0.0003400000000000072,0.0002475479
3685,0.0013900000000000026,0.0015332965
3686,0.0013299999999999428,0.0013674663
3687,0.0007599999999999827,0.00030943457
3688,6.000000000005981e-05,0.00076073065
3689,-0.000959999999999961,-7.1916775e-06
3690,-0.0005300000000000311,-0.00020426496
3691,-0.0014699999999999711,1.257523e-05
3692,-0.0014899999999999913,0.00025531236
3693,0.0001700000000000036,0.0005731624
3694,0.00024000000000001836,0.0012949847
3695,0.0005799999999999137,-0.00015317007
3696,-0.00029000000000001274,-0.0003164765
3697,-0.00034999999999996075,-0.0003352575
3698,0.00010999999999994377,0.0004378221
3699,0.0005399999999999847,0.000825461
3700,0.0006700000000000593,0.0010187823
3701,-0.0014499999999999513,-0.00043594092
3702,-0.0012499999999999731,0.0004893862
3703,-0.00013000000000007458,-0.00017860004
3704,0.0011899999999999133,0.0001320206
3705,0.001900000000000012,0.0010598466
3706,0.001090000000000035,0.00065536646
3707,0.0015399999999999858,0.0011175831
3708,0.00046999999999996995,0.0005258817
3709,-0.0007699999999999377,0.00042442753
3710,-1.9999999999908597e-05,0.0009980075
3711,-0.0008200000000000425,0.0003424182
3712,-0.0011400000000000299,-0.00046392684
3713,0.0003300000000000522,-0.0011361751
3714,0.0008199999999999321,-0.00031867236
3715,0.0006199999999999545,-0.0016708603
3716,0.0005700000000000706,0.00019636955
3717,-0.0008000000000000235,0.00029797156
3718,-0.00046000000000001633,0.0011042677
3719,0.0010200000000000215,0.0016448448
3720,0.000970000000000027,0.0007744305
3721,-0.00026999999999999236,0.00028750696
3722,-0.0020200000000000218,-0.0009990686
3723,-0.0026699999999999498,0.0004421545
3724,-0.0018099999999999783,0.00036458223
3725,-0.00042000000000008735,0.0003848337
3726,-0.0015000000000000568,0.00079682656
3727,-0.0021499999999999853,0.0010097304
3728,-0.00039999999999995654,0.0007987128
3729,-0.0033999999999999586,0.0013464771
3730,-0.002530000000000032,0.0010999382
3731,0.00029999999999996636,0.00059377693
3732,1.000000000006541e-05,0.0005547284
3733,0.0009400000000000517,0.00018471626
3734,0.0012299999999999527,-5.159512e-05
3735,0.0007300000000000087,-0.0012810966
3736,-0.00041000000000002195,-0.00036962965
3737,0.00010999999999994377,-0.0013978905
3738,0.0006599999999999939,-0.0011313944
3739,0.0003300000000000522,-0.000777951
3740,-0.0006699999999999488,-0.00010833331
3741,-0.00013000000000007458,-0.00021338499
3742,-0.00012000000000000918,-0.00020974356
3743,-0.00024000000000001836,-7.807104e-05
3744,0.0017000000000000344,-0.00032331288
3745,0.0008300000000001079,0.00042738166
3746,-0.00023000000000006338,0.00038528602
3747,0.0019899999999999367,0.0006512119
3748,0.0012499999999999731,-0.00042833015
3749,-0.0007699999999999377,-0.0003574464
3750,-0.0010700000000000152,0.000110457506
3751,0.00011999999999989738,-0.00014172318
3752,0.0017500000000000289,0.00069317064
3753,0.001219999999999999,0.00072627654
3754,0.0014699999999999711,0.00013936202
3755,0.0007100000000000988,-0.0005194837
3756,-0.0010799999999999694,-0.00032944366
3757,-0.0009100000000000777,-0.00022457789
3758,0.00046999999999996995,0.0001156609
3759,0.0020999999999999908,-0.00011337129
3760,0.00046000000000001633,-2.2766004e-05
3761,-0.00029999999999996636,-0.0005884578
3762,6.000000000005981e-05,0.00042500795
3763,0.00014999999999998318,0.00052455615
3764,0.0012299999999999527,0.00031566268
3765,0.0009600000000000721,0.0003244592
3766,-0.000249999999999972,0.0008789142
3767,-0.0003400000000000072,0.00084455597
3768,-0.0010200000000000209,0.000363518
3769,-0.0020400000000000418,-0.00023166678
3770,0.00014999999999998318,0.0008487588
3771,0.0003699999999999812,0.00038978236
3772,0.0005200000000000762,0.00027779333
3773,0.001840000000000064,0.0010341875
3774,-0.0002600000000000374,0.00034137664
3775,-0.0012400000000000189,0.0007571361
3776,-0.0008500000000000178,0.00079235295
3777,0.00020999999999993257,0.00036247863
3778,0.0010400000000000405,-0.000481383
3779,0.00019000000000002397,-0.00023534261
3780,0.0005299999999999193,-4.0178245e-05
3781,0.0007099999999999883,0.000103091945
3782,0.0008700000000000369,0.00018711411
3783,0.00014999999999998318,3.9999017e-05
3784,0.00041000000000002195,0.00010310805
3785,0.0008200000000000425,-0.00022666978
3786,-0.00012000000000000918,-0.00033333615
3787,0.00014999999999998318,0.00048521336
3788,4.0000000000039414e-05,0.00027859406
3789,0.0011400000000000292,-0.0003365955
3790,0.0014099999999999113,-0.001049006
3791,0.00046999999999996995,-0.00043081952
3792,0.0008900000000000573,-0.00015350018
3793,-0.0002600000000000374,-0.00038513515
3794,-0.001000000000000001,0.00037351417
3795,-0.00039999999999995654,0.0007466224
3796,0.0007199999999999433,-0.00012265015
3797,0.0008799999999999919,0.00074613496
3798,0.0011700000000000046,0.00013210477
3799,0.0015000000000000568,0.0002780239
3800,9.000000000003517e-05,0.0003225481
3801,8.999999999992338e-05,0.000817152
3802,0.0007099999999999883,0.0009772679
3803,0.00025000000000008376,0.0014215014
3804,-0.000249999999999972,0.00024333334
3805,0.00021999999999999797,0.00016708736
3806,0.00012000000000000918,0.0004064378
3807,0.00014999999999998318,-0.00016041778
3808,-2.000000000002039e-05,0.00017723725
3809,-0.0006700000000000593,7.581016e-05
3810,-0.00039999999999995654,-5.270914e-05
3811,-0.0001700000000000036,0.0006830676
3812,-0.0005100000000000108,-5.03413e-05
3813,-0.0009799999999999807,-5.1747364e-05
3814,-0.0005500000000000501,0.0001954473
3815,0.00014999999999998318,-0.00022028357
3816,0.0006200000000000649,-0.00057847844
3817,0.0003699999999999812,-0.00026910577
3818,-0.0001100000000000542,-0.0010750277
3819,0.0013900000000000026,-0.00081490615
3820,0.0011900000000000237,-0.00028166303
3821,0.000180000000000069,9.931438e-05
3822,0.0011200000000000103,-0.00011125304
3823,0.000970000000000027,-0.00021690784
3824,0.00012999999999996416,0.00022480196
3825,-0.0033700000000000947,0.00060352864
3826,-0.0008199999999999321,0.0017608984
3827,0.007290000000000019,0.00074470835
3828,0.0057599999999999865,7.0975664e-05
3829,-0.0021499999999999853,0.00050580077
3830,-0.0048400000000000665,0.00021358856
3831,-0.004610000000000003,0.00054203795
3832,-0.003460000000000019,0.0005758289
3833,-0.00027999999999994734,-0.00035944974
3834,-9.99999999995498e-06,-0.0001662997
3835,-0.0005300000000000311,-0.00075912906
3836,-0.0021400000000000303,-0.0008018065
3837,-0.0011200000000000103,-0.00077670446
3838,0.0006599999999999939,-3.8178572e-05
3839,-0.0010200000000000209,0.0008649604
3840,-0.0030999999999999912,0.00023440582
3841,-0.002129999999999965,-0.0007242329
3842,-8.999999999992338e-05,-0.0003520432
3843,0.0005300000000000311,-0.00016586785
3844,0.0014699999999999711,0.0011658242
3845,0.00012999999999996416,7.532854e-05
3846,0.00046999999999996995,0.00019333199
3847,0.0012299999999999527,0.0005857892
3848,0.0017800000000000042,-0.00028088642
3849,0.002190000000000025,-2.2184107e-05
3850,0.0015199999999999654,-3.844573e-05
3851,0.0017200000000000548,-0.0006717048
3852,0.0009000000000000123,-0.0008246615
3853,0.00031999999999998674,-0.00021279504
3854,-0.0031900000000000257,-0.0011345316
3855,-0.00550000000000006,-0.0004089812
3856,-0.001479999999999926,-0.0010630501
3857,0.0013000000000000793,0.0003129867
3858,-0.00014999999999998318,-0.0004113688
3859,0.0006499999999999285,8.2303246e-05
3860,0.0006099999999999995,0.0018366034
3861,-0.0018299999999999985,0.00061410083
3862,-0.0015700000000000716,9.8971825e-05
3863,-0.0008399999999999524,0.00028366497
3864,-0.00027999999999994734,0.00064491644
3865,0.0006199999999999545,7.689344e-05
3866,0.0007399999999999624,-0.0006797335
3867,-0.00013999999999991778,9.398589e-06
3868,-0.003489999999999993,-0.00034239102
3869,-0.0026300000000000208,0.00066330435
3870,0.0010100000000000664,-0.0006296128
3871,8.999999999992338e-05,0.00067725085
3872,0.0023599999999999177,-0.0012000139
3873,0.0017200000000000548,0.00057514233
3874,0.0003800000000000466,-0.00036524236
3875,0.00046999999999996995,-5.340229e-05
3876,-1.000000000006541e-05,0.00026373632
3877,0.0019599999999999613,-0.00028716432
3878,-0.0009199999999999209,-0.00038947706
3879,-0.0017799999999998923,-0.0008951207
3880,0.0003599999999999157,-0.0004949145
3881,0.0005399999999999847,5.6450946e-05
3882,0.0002600000000000374,-0.0006686263
3883,0.0005799999999999137,0.0007287527
3884,0.0007200000000000537,0.00090151007
3885,-0.00029999999999996636,0.00029470416
3886,0.0008499999999999061,-0.0007839793
3887,-0.00027999999999994734,0.00033729165
3888,-0.0013699999999999823,0.0011439669
3889,-0.002180000000000071,0.0013499786
3890,-0.0013400000000000083,-0.00044383423
3891,0.0008799999999999919,5.2341806e-05
3892,0.004250000000000087,0.0015841527
3893,0.0030499999999999976,0.0009907583
3894,-0.0018100000000000893,0.0012535661
3895,-0.0006199999999999545,0.0002487922
3896,-1.9999999999908597e-05,0.00048657844
3897,0.0007399999999999624,-0.0001571416
3898,-0.0022400000000000198,-0.00019871461
3899,-0.0004899999999999903,-0.00028828418
3900,0.003549999999999943,-0.0016642333
3901,0.0005399999999999847,-0.0005339498
3902,-5.9999999999949376e-05,-3.8877577e-05
3903,0.0006800000000000144,-0.00044029675
3904,0.00015999999999993816,-4.952152e-05
3905,-7.99999999999684e-05,-0.0010841481
3906,4.0000000000039414e-05,-0.0001930296
3907,-0.00031999999999998674,-0.00022823323
3908,-0.0003300000000000522,-0.0003352487
3909,0.00021999999999999797,-0.00044206876
3910,0.00042000000000008735,-0.0007550587
3911,0.00017999999999995857,-0.0006289848
3912,0.00013999999999991778,-0.00025351022
3913,0.0005800000000000255,-0.0005351707
3914,0.0015800000000000267,-0.00014108345
3915,0.0016699999999999487,-1.1191757e-05
3916,0.0010999999999999899,0.0009683755
3917,-0.00011999999999989738,-0.0001744565
3918,-0.0009699999999999153,-0.0005620792
3919,0.00040999999999991017,0.00032503306
3920,1.9999999999908597e-05,0.00056758645
3921,-0.001439999999999997,0.0011717259
3922,-0.00027999999999994734,0.00020173837
3923,0.0006900000000000798,0.001882962
3924,0.0013299999999999428,0.0008406774
3925,0.0011799999999999582,6.2497544e-05
3926,-0.00012000000000000918,-0.00028225224
3927,0.0020999999999999908,-2.9610346e-06
3928,0.0019800000000000937,-5.1413597e-05
3929,-0.0009000000000000123,-0.00032342927
3930,-0.0005600000000000052,-0.00048227963
3931,-0.00014999999999998318,0.00037189948
3932,9.99999999995498e-06,-0.0001837178
3933,0.001410000000000023,-0.00016231206
3934,0.0013600000000000272,-0.00069978443
3935,-0.0049200000000000355,-0.00027702175
3936,-0.0038200000000000456,0.00028897377
3937,0.0029400000000000537,0.00052027794
3938,0.0016800000000000155,-0.0005073217
3939,0.001900000000000012,-0.00012073392
3940,0.0006099999999999995,-0.00039479317
3941,-0.0010400000000000405,-2.33083e-06
3942,0.0015399999999999858,-0.0013094243
3943,0.0009000000000000123,0.00013859787
3944,0.0005000000000000557,5.7229736e-05
3945,-0.00021999999999999797,-0.00021532757
3946,-0.0017400000000000753,0.0017835337
3947,-0.0003300000000000522,-0.0008601316
3948,-0.00020999999999993257,4.347063e-05
3949,-0.00019000000000002397,-0.00047174183
3950,0.0007899999999999568,-0.00019860116
3951,-0.0003699999999999812,-0.00069612253
3952,-0.0011700000000000046,-0.00035143128
3953,-0.0009299999999999863,-0.00032853166
3954,-0.0006399999999999735,0.00032608924
3955,0.00031999999999998674,2.4494955e-05
3956,-0.0006599999999999939,0.0009154185
3957,0.0007000000000000334,0.00020980148
3958,0.001889999999999948,-9.7867225e-05
3959,0.0009400000000000517,-0.0006004748
3960,0.0008299999999999975,5.053756e-05
3961,-0.00010000000000010059,0.00058633304
3962,0.0005900000000000909,9.845727e-05
3963,0.0012699999999999934,-0.00027014295
3964,0.0008499999999999061,0.00017056044
3965,-9.99999999995498e-06,-0.00029133787
3966,-0.0015399999999999858,-2.8803819e-05
3967,-0.0009799999999999807,0.00035427717
3968,0.001060000000000061,-0.00047707403
3969,0.00014000000000002956,-0.0009950824
3970,-0.001000000000000001,0.0008603821
3971,-0.002990000000000048,0.0013343033
3972,-0.003090000000000037,-0.0001560122
3973,-0.0008299999999999975,-0.00012652288
3974,0.0006700000000000593,-0.00032912672
3975,0.00165000000000004,0.00014144
3976,-9.99999999999888e-05,0.00049295224
3977,-0.0005200000000000762,2.2203236e-05
3978,-0.0006500000000000389,-5.2734027e-05
3979,-0.0008099999999999771,-4.772899e-05
3980,0.001530000000000031,0.00059828203
3981,0.0025800000000000263,0.0003428259
3982,0.0017399999999999634,-0.00085498014
3983,0.0009299999999999863,0.00025626243
3984,0.0008200000000000425,0.00041391898
3985,0.0005899999999999791,0.0008200563
3986,0.0004899999999999903,-0.00062474323
3987,0.00030000000000007814,-0.00024821973
3988,-0.00039000000000000157,3.6897032e-05
3989,-2.000000000002039e-05,0.00052836374
3990,-0.0009100000000000777,0.00061812875
3991,-0.0017300000000000097,0.00020490256
3992,-0.00043999999999999595,-0.0012180296
3993,0.000689999999999968,0.0010041134
3994,0.0006099999999999995,0.0014337351
3995,0.0009500000000000067,0.00044600526
3996,0.00048000000000003536,0.00013619708
3997,-0.0007899999999999568,0.0002476467
3998,-0.0015100000000000111,-0.00020475901
3999,-0.0012400000000000189,-0.00018465615
4000,-0.00043999999999999595,9.833503e-05
4001,-0.0005700000000000706,0.0001543903
4002,-0.0008000000000000235,0.00010160975
4003,-0.00044999999999995093,5.986108e-05
4004,0.0013000000000000793,0.00013562471
4005,0.0007500000000000278,3.2273336e-05
4006,1.9999999999908597e-05,0.00017264868
4007,-0.00030000000000007814,5.3485837e-05
4008,0.00029000000000001274,0.00024587978
4009,0.0017200000000000548,-0.00043861766
4010,-2.9999999999974007e-05,-8.306436e-05
4011,-0.0011100000000000554,0.000978065
4012,0.00044999999999995093,-0.0006717707
4013,0.0013300000000000534,-0.0002715168
4014,0.0020300000000000864,0.0007881852
4015,0.0014300000000000421,-5.1466227e-06
4016,-0.0013000000000000793,4.886141e-05
4017,-0.0006599999999999939,0.0005115495
4018,-0.00014999999999998318,0.00022278399
4019,0.0008199999999999321,-0.0006356799
4020,0.0015700000000000716,0.00019358304
4021,-0.0005600000000000052,0.000116873
4022,-0.0018200000000000436,0.00022024047
4023,0.000210000000000043,0.00021645999
4024,0.0009200000000000314,-0.00010271636
4025,-0.00043000000000004097,-0.0006717912
4026,8.999999999992338e-05,-0.00012029475
4027,0.0010499999999999954,-1.2315292e-05
4028,0.0007900000000000685,0.00035510355
4029,0.0007800000000000031,-0.00025813025
4030,9.99999999995498e-06,-0.00081722863
4031,-0.0007500000000000278,4.718891e-05
4032,0.0007000000000000334,-6.674199e-05
4033,0.00048000000000003536,0.0005238081
4034,7.99999999999684e-05,5.601251e-05
4035,0.0012400000000000195,-0.0007738177
4036,0.0021700000000000057,7.980878e-05
4037,0.0020799999999999708,0.0001327101
4038,0.0008400000000000629,-0.0002793735
4039,-0.0007199999999999433,0.0005014574
4040,0.00037999999999993616,-0.0004914128
4041,0.0025399999999999867,-0.0002647873
4042,-0.0003299999999999417,-0.00066359487
4043,-0.0039599999999999635,0.00060541555
4044,-0.0020700000000000163,-0.00013081866
4045,6.999999999990298e-05,-0.0014040966
4046,-0.00039000000000000157,-0.0010022457
4047,-0.0008799999999999919,-0.00043280527
4048,-0.0011100000000000554,-0.0010525394
4049,-0.0003699999999999812,-0.00081965426
4050,-0.00012000000000000918,-0.00045738253
4051,-0.00041000000000002195,0.00018248236
4052,-0.002439999999999998,0.0003703236
4053,-0.0013099999999999223,-0.00034615688
4054,-0.0006099999999999995,-0.00027251884
4055,-0.0029200000000000337,0.00015561705
4056,7.000000000001478e-05,-0.00043876184
4057,0.0008799999999999919,-0.00056887534
4058,-0.0010700000000000152,-0.00012582021
4059,-0.0016300000000000203,-0.00012699499
4060,-3.999999999992899e-05,0.0010985285
4061,-0.00034999999999996075,-0.0003312574
4062,-0.0012000000000000899,-0.00089060096
4063,-0.0001600000000000486,0.0013806808
4064,-0.0010499999999999954,0.0009198819
4065,-0.0020700000000000163,0.0015068704
4066,-0.0021999999999999797,0.00033435802
4067,-0.005669999999999953,-0.00025970393
4068,-0.0010700000000000152,8.533935e-05
4069,0.004449999999999954,-8.227459e-05
4070,0.0021300000000000767,0.00077397964
4071,0.0017900000000000695,0.00037321553
4072,0.002129999999999965,0.00052673294
4073,0.0005300000000000311,-0.00027820532
4074,-0.0011999999999999786,-0.0002702842
4075,-0.00030000000000007814,-0.00048342513
4076,-0.0006099999999999995,-0.00018210092
4077,0.0012800000000000589,-0.0034750768
4078,0.001850000000000019,-0.0017567893
4079,0.0012400000000000195,-0.00092779845
4080,0.002479999999999927,-0.0010438651
4081,0.0013299999999999428,-0.0004188544
4082,1.000000000006541e-05,-0.000678965
4083,0.0008599999999999715,-0.00054717244
4084,-0.0009200000000000314,0.00043596153
4085,-0.0007599999999999827,0.0016785201
4086,0.0010599999999999505,0.00042063458
4087,0.00014999999999998318,-0.0008697164
4088,0.001370000000000094,-0.00042282668
4089,0.002870000000000039,0.00029373582
4090,-0.00019000000000002397,0.00048638083
4091,-0.0005100000000000108,-0.00085937255
4092,0.00041999999999997557,0.00057465484
4093,-0.0014499999999999513,3.6195095e-05
4094,2.9999999999974007e-05,8.030577e-05
4095,0.0022399999999999087,0.00057555805
4096,0.0014199999999999766,2.948316e-05
4097,-0.00046999999999996995,-7.609113e-05
4098,-0.005269999999999997,-0.00020251927
4099,-0.004249999999999976,0.00021686328
4100,0.00043000000000004097,0.00043061172
4101,-0.00039000000000000157,-0.00030664285
4102,-0.0009500000000000067,0.00049954996
4103,-0.0006000000000000445,0.00050007476
4104,0.0007099999999999883,0.00035812208
4105,0.0007099999999999883,-1.1342538e-05
4106,0.0006399999999999735,-7.394726e-05
4107,0.0020600000000000618,0.00017979393
4108,0.0010300000000000868,0.0003810305
4109,-0.00029000000000001274,0.0005209923
4110,0.0023199999999999887,0.00037876074
4111,0.0014899999999999913,0.00043255358
4112,0.00012000000000000918,-2.2424918e-05
4113,0.0016700000000000603,-0.0002659167
4114,0.001699999999999924,-9.355533e-05
4115,0.002509999999999901,-0.00045417587
4116,0.0022100000000000453,-1.2872303e-05
4117,-0.0004999999999999454,-6.895979e-05
4118,-0.00036000000000002756,0.00021664516
4119,0.0011700000000000046,-0.0005191836
4120,0.00041000000000002195,-0.00034643503
4121,-0.00028000000000005776,0.00025570835
4122,-0.00014999999999998318,0.00045807284
4123,-0.00020999999999993257,0.00034033874
4124,-0.0006000000000000445,-4.265222e-05
4125,0.00015999999999993816,-0.000321322
4126,0.0010300000000000868,-0.00014968967
4127,-0.0008399999999999524,-0.00054032437
4128,-0.0003800000000000466,0.00056504074
4129,0.0012299999999999527,-0.0004726304
4130,0.0017599999999999838,-0.00067022996
4131,0.001970000000000027,-6.464131e-05
4132,0.000689999999999968,0.0001546743
4133,-0.0010099999999999554,0.00037462305
4134,-0.0011700000000000046,-0.00029309967
4135,-4.99999999999944e-05,0.00032524823
4136,-0.0007800000000000031,-4.8686372e-05
4137,-4.99999999999944e-05,0.00015851263
4138,0.0005800000000000255,0.00067730795
4139,-0.0012500000000000842,0.00063424103
4140,-0.002479999999999927,-0.000118833064
4141,-0.0007800000000000031,-0.00056710036
4142,0.0006999999999999229,-0.00022246916
4143,-0.0005600000000000052,0.000530075
4144,-7.000000000001478e-05,-0.00027229704
4145,0.0002700000000001028,-0.00069465203
4146,-0.00023999999999990657,-0.00013430126
4147,0.0011499999999999844,0.00042139582
4148,0.0013799999999999373,0.0002531802
4149,0.0013099999999999223,-0.00063125824
4150,0.0013699999999999823,-0.00027666602
4151,-0.0003400000000000072,-7.855551e-06
4152,-0.0009399999999999413,0.0007590867
4153,-0.00018999999999991216,0.00026979097
4154,-0.0014500000000000624,-0.00024849566
4155,-0.0016100000000000005,0.00039366022
4156,-0.0004899999999999903,0.0002967529
4157,0.0004999999999999454,0.00012145864
4158,0.0011999999999999786,0.00063781143
4159,0.0007200000000000537,-0.00038041925
4160,0.0013400000000000083,-0.0004117699
4161,0.0007599999999999827,0.0006687259
4162,-0.00029000000000001274,0.00105821
4163,-0.0020600000000000618,0.00027585585
4164,0.0010700000000000158,-0.00012446831
4165,0.0031499999999999866,-3.7205817e-05
4166,0.0019299999999999873,-0.00087582594
4167,0.0013000000000000793,0.0005445324
4168,0.00030000000000007814,0.0015136402
4169,-9.000000000003517e-05,0.00078511034
4170,-0.0011400000000000299,-0.00026698312
4171,-0.0002600000000000374,0.00037485655
4172,-0.0005199999999999644,0.00020835223
4173,-0.0006999999999999229,1.9855155e-05
4174,0.00043999999999999595,-0.0003667348
4175,0.00041000000000002195,-0.0011990906
4176,0.0008299999999999975,0.0010296166
4177,0.0015499999999999407,-0.0006379431
4178,0.0020200000000000226,4.1811312e-05
4179,0.0011799999999999582,-3.544622e-05
4180,-0.0008900000000000573,-0.00043782569
4181,-0.0017599999999999838,0.00027833204
4182,-0.0007300000000000087,-0.0001617748
4183,4.0000000000039414e-05,0.00023625324
4184,0.0005800000000000255,-0.00022191655
4185,0.0020499999999999967,-0.0003793784
4186,0.0031200000000000112,-0.00076648657
4187,-0.00012999999999996416,-0.0011480857
4188,-0.002650000000000041,5.1227056e-05
4189,-0.00012000000000000918,-0.00011977946
4190,0.0016100000000000005,0.00045344915
4191,0.0007899999999999568,0.00022132669
4192,-0.0005699999999999601,0.00054697855
4193,0.0002600000000000374,0.00017796333
4194,5.9999999999949376e-05,0.00025532334
4195,0.0007099999999999883,0.00020443779
4196,-0.0019699999999999163,0.00060815376
4197,-0.0007500000000000278,8.2541126e-05
4198,0.002409999999999912,-0.00031331525
4199,0.0007700000000000481,-0.0009907014
4200,0.0027599999999999847,8.726144e-05
4201,0.001889999999999948,0.0006564014
4202,-0.0011700000000000046,8.55443e-05
4203,-2.9999999999974007e-05,-0.00016658004
4204,0.0025000000000000577,0.0004488174
4205,-0.00036000000000002756,0.00039030716
4206,-0.0009799999999999807,-3.7486883e-05
4207,0.001219999999999999,-0.0007015235
4208,-0.0019400000000000528,0.0001484857
4209,-0.0023600000000000283,0.0011107703
4210,-0.0005399999999999847,0.00064916245
4211,0.0009200000000000314,-0.0005007759
4212,0.0024899999999999927,4.2355146e-05
4213,0.0024600000000000186,0.0005908455
4214,0.0013600000000000272,0.00026260325
4215,-0.000249999999999972,-0.00030537
4216,-0.00012000000000000918,-0.00014953596
4217,-9.000000000003517e-05,-7.018433e-05
4218,-0.00031999999999998674,-8.893822e-05
4219,0.0023900000000000037,0.00024720826
4220,0.002290000000000015,0.00020588703
4221,0.003249999999999975,-0.0001939211
4222,0.0017399999999999634,-0.00043477275
4223,-0.0014499999999999513,-0.000733795
4224,0.0008000000000000235,0.00015930679
4225,0.00039999999999995654,-0.00029855996
4226,0.0008099999999999771,0.00019827628
4227,-0.0006300000000000199,0.0002943521
4228,-0.0018599999999999726,-0.0009867746
4229,-0.0006099999999999995,0.00015391308
4230,-0.0006500000000000389,0.00044992045
4231,0.0005100000000000108,0.00026477495
4232,-0.0009899999999999356,-0.0016570928
4233,-0.0034399999999999986,0.0014375933
4234,-0.0042000000000000925,0.00017462274
4235,-0.0045799999999999175,-2.1404587e-05
4236,-0.002919999999999923,0.00039247007
4237,-0.0010900000000000356,0.000966004
4238,0.00022999999999995295,0.0002421044
4239,0.0007899999999999568,-0.00015907906
4240,-0.0005499999999999398,0.00037932067
4241,-0.0009000000000000123,0.00019078188
4242,-0.00045000000000006135,0.0001041518
4243,0.0012600000000000384,-0.0002806661
4244,0.0017000000000000344,0.000113294525
4245,0.0008500000000000178,-0.0008680168
4246,-0.0008299999999999975,-0.00070282124
4247,-0.0010200000000000209,-0.0011285662
4248,-0.0011700000000000046,-0.0011919205
4249,-0.004390000000000005,-1.122689e-05
4250,-0.0031200000000000117,-0.00042166509
4251,-0.0007599999999999827,-0.0006185195
4252,-0.0004999999999999454,-0.00080039754
4253,0.0016399999999999746,-0.00013733078
4254,0.0022099999999999347,-0.0001795296
4255,0.00045000000000006135,0.0003318694
4256,-0.0017800000000000042,-0.00030538024
4257,-0.0013800000000000476,0.00058238785
4258,0.0008400000000000629,0.0009362606
4259,-0.001689999999999969,-0.0012381431
4260,-0.0024300000000000432,-0.00025507144
4261,0.001259999999999928,7.8508114e-05
4262,0.0006800000000000144,-4.2089352e-05
4263,-0.00026999999999999236,0.0002531319
4264,9.99999999999888e-05,0.00065193727
4265,-0.001479999999999926,0.000634446
4266,-0.0006099999999999995,0.0005670968
4267,0.0006199999999999545,0.00042067486
4268,0.0015600000000000063,-8.124109e-05
4269,0.0009500000000000067,-0.0004408596
4270,-0.0005399999999999847,0.00023385759
4271,-0.00044999999999995093,8.752055e-05
4272,0.00103999999999993,-0.0006052442
4273,0.00033999999999989534,-3.4100172e-05
4274,-0.00015999999999993816,-0.0018538763
4275,0.0019900000000000473,-0.0013410703
4276,0.0026699999999999498,0.00084101845
4277,0.0028299999999999996,-0.0007415119
4278,0.0018900000000000583,-0.0002970873
4279,0.00014000000000002956,-0.00033428255
4280,0.00010999999999994377,-0.00037592876
4281,0.00021999999999999797,0.00072309404
4282,-0.00021999999999999797,0.0009935339
4283,-0.0008500000000000178,-5.550078e-05
4284,-0.00043999999999999595,-0.0006459594
4285,0.0001600000000000486,0.000408253
4286,-0.0006199999999999545,0.00033516975
4287,-0.0001600000000000486,0.00042946477
4288,0.0008699999999999265,-0.00032264314
4289,-9.000000000003517e-05,-0.00034983712
4290,-0.0009399999999999413,0.0006143607
4291,-0.00013999999999991778,0.00051676383
4292,-0.0011900000000000244,0.00040172553
4293,-0.002190000000000025,-0.00021723575
4294,0.0010400000000000405,0.00038715542
4295,0.002809999999999979,6.3992906e-05
4296,0.0006300000000000199,0.00011254282
4297,-0.00012999999999996416,0.00018449813
4298,0.001259999999999928,5.190703e-05
4299,0.002340000000000008,0.0010938667
4300,-5.9999999999949376e-05,0.00060033076
4301,-0.0007700000000000481,0.00071455515
4302,0.00027999999999994734,0.00027840742
4303,-0.0006099999999999995,0.00089624594
4304,-0.00012999999999996416,9.356203e-05
4305,0.0016000000000000456,0.0005198351
4306,0.0010400000000000405,0.0010476458
4307,0.0013400000000000083,-0.00029147987
4308,0.0016100000000000005,-1.6621325e-05
4309,-0.0002700000000001028,-8.138894e-05
4310,-2.000000000002039e-05,-0.00055747456
4311,0.0007000000000000334,-0.0005938815
4312,-0.00029000000000001274,-0.00024445093
4313,-0.001000000000000001,-0.00024460684
4314,-0.00041999999999997557,-0.00025184065
4315,0.0010400000000000405,-0.00035410436
4316,-0.0003500000000000726,-1.4655321e-05
4317,-0.0025100000000000122,-0.0004165122
4318,-0.0012799999999999478,-0.0005263925
4319,0.00046000000000001633,-1.8186956e-05
4320,-0.0001999999999999776,0.0008406869
4321,-0.0006800000000000144,0.00040485093
4322,0.0013099999999999223,0.00044505007
4323,0.0008000000000000235,0.0006581061
4324,-0.0021499999999999853,0.00084001204
4325,-0.0031800000000000717,0.0009850118
4326,-0.0016800000000000148,0.00039926398
4327,0.001219999999999999,0.00040066274
4328,0.0008100000000000889,-0.00046204356
4329,-5.9999999999949376e-05,-0.00072538125
4330,0.0003699999999999812,0.00046459667
4331,-0.0005899999999999791,0.000776395
4332,-0.0014700000000000821,6.0235103e-05
4333,-0.0018100000000000893,-0.00013512177
4334,-0.00043999999999999595,-1.3145318e-05
4335,-0.0005699999999999601,0.0009048668
4336,-0.0017599999999999838,8.315742e-05
4337,-0.00037999999999993616,0.00031874125
4338,0.00046000000000001633,-0.00035432907
4339,0.00040999999999991017,0.00029425183
4340,-0.0013400000000000083,-0.00025735
4341,-0.0025600000000000067,-8.528655e-05
4342,-0.0023699999999999832,-5.925273e-05
4343,-0.0017999999999999128,-0.00028944213
4344,0.0005899999999999791,0.00070299703
4345,-0.0005400000000000965,0.0005366669
4346,-0.0021700000000000057,0.00018759134
4347,-0.0010699999999999041,0.00047575517
4348,0.0007300000000000087,0.00073613366
4349,0.0014299999999999315,0.00037061126
4350,0.0011700000000000046,3.325341e-05
4351,-0.0007699999999999377,0.0002412495
4352,-0.0025100000000000122,0.00012451012
4353,0.00026999999999999236,0.0006170725
4354,0.0001100000000000542,0.00019002505
4355,0.0008099999999999771,-8.85978e-06
4356,-0.00024000000000001836,0.00048151193
4357,-0.0037800000000000056,-0.00030329052
4358,-0.002909999999999968,-0.00068770954
4359,-0.0022900000000000142,-0.0004510783
4360,-0.00043000000000004097,-0.00019511637
4361,-0.0006300000000000199,-0.00025040822
4362,-0.0008700000000000369,-8.9528905e-05
4363,0.0015000000000000568,-0.00022679202
4364,0.0010999999999999899,-0.00010541504
4365,-0.0011900000000000244,-0.00040954334
4366,-0.002659999999999996,-0.00023446354
4367,-0.0013699999999999823,-0.0005468218
4368,0.0015700000000000716,5.686523e-05
4369,0.0008700000000000369,0.00084573514
4370,-0.0005500000000000501,0.00049329916
4371,-0.0013200000000000989,-0.00022521248
4372,0.001060000000000061,-0.0007905236
4373,0.002000000000000002,-0.00033443407
4374,-0.00047000000000008173,-0.00010204151
4375,0.0007000000000000334,0.0004306842
4376,0.0017700000000000493,0.0003136806
4377,0.001090000000000035,0.0008188867
4378,0.0017000000000000344,0.001496244
4379,0.0006499999999999285,0.0005670141
4380,-0.0027500000000000298,-0.0003683685
4381,-0.002950000000000008,5.126958e-06
4382,-0.0008500000000000178,-0.0008881395
4383,0.0002200000000001084,-0.00010251947
4384,0.0012300000000000644,-0.00025010447
4385,0.0005499999999999398,-3.5869285e-05
4386,-0.00037000000000009297,-9.681469e-05
4387,-0.00017999999999995857,-5.1844712e-05
4388,-0.0005299999999999193,0.00025164385
4389,-0.0012000000000000899,0.0005018717
4390,0.0010499999999999954,0.0005285255
4391,0.002090000000000036,-0.00011818163
4392,-9.99999999999888e-05,0.00011572605
4393,0.00048000000000003536,0.00070378534
4394,0.0025799999999999157,9.360521e-05
4395,0.0024899999999999927,-0.000103088925
4396,-0.0006499999999999285,0.00041572543
4397,-0.00017999999999995857,5.4207536e-05
4398,0.0010999999999999899,-0.00017977993
4399,0.0012899999999999021,0.00021289468
4400,0.0021099999999999444,0.0007045458
4401,0.0010499999999999954,-0.0001328886
4402,0.001410000000000023,-0.00011884843
4403,-0.00011999999999989738,-2.2796745e-05
4404,-0.0014199999999999766,-0.00031824125
4405,8.999999999992338e-05,-4.33644e-05
4406,-0.0006599999999999939,-7.611967e-05
4407,0.0009500000000000067,0.00014602784
4408,0.005249999999999976,0.00016371529
4409,0.0027200000000000557,0.00025766922
4410,-0.0010400000000000405,-0.00018140412
4411,-0.00014999999999998318,0.00032076435
4412,0.00023000000000006338,0.0009967764
4413,0.0029999999999998916,0.00024580513
4414,0.0005199999999999644,-0.00045712048
4415,-0.00025999999999992696,-0.0002576362
4416,0.0017800000000000042,0.00020809531
4417,0.00031000000000003177,-0.00018679928
4418,4.0000000000039414e-05,-0.0014038347
4419,-0.0010100000000000664,-7.875906e-05
4420,0.0012099999999999336,-0.00031608786
4421,0.0015899999999999803,-0.0009336957
4422,0.0008100000000000889,-0.0001389308
4423,0.0015000000000000568,-0.0010895272
4424,0.0005999999999999341,-0.00083942414
4425,0.0005499999999999398,0.0004123541
4426,0.0009299999999999863,0.00075582735
4427,0.0007700000000000481,-5.9257854e-05
4428,0.004000000000000003,-0.0005434637
4429,0.003879999999999995,0.00016863323
4430,0.0003699999999999812,-1.1670375e-06
4431,-0.0014600000000000168,-0.00027169686
4432,-0.001219999999999999,-0.0003040986
4433,-9.99999999999888e-05,-0.0004933679
4434,-0.00044999999999995093,-2.1086922e-05
4435,0.0,0.00012882493
4436,0.0006599999999999939,-1.5666137e-05
4437,0.00036000000000002756,-0.00038859798
4438,0.00012999999999996416,-0.0002818921
4439,-0.00046999999999996995,-0.0002533748
4440,-0.0005600000000000052,0.00015950442
4441,0.0005299999999999193,0.00040228546
4442,0.0017500000000000289,0.00044828161
4443,0.0024800000000000377,-0.00095420226
4444,0.0005000000000000557,0.0006579524
4445,-0.0021999999999999797,0.00016701051
4446,-0.002370000000000094,7.967996e-05
4447,-0.0005600000000000052,0.00021981155
4448,0.0003300000000000522,-9.679859e-05
4449,-0.000180000000000069,0.00023297266
4450,4.99999999999944e-05,-0.0016467428
4451,0.0024899999999999927,-0.0008328022
4452,0.0022699999999999947,0.00012312454
4453,0.0010100000000000664,-0.0002966269
4454,0.001219999999999999,3.700975e-05
4455,-0.000210000000000043,-0.00029091482
4456,-0.00031000000000003177,-0.0002986961
4457,0.0006500000000000389,0.00020504018
4458,-0.0010700000000000152,0.00010623857
4459,-0.0008599999999999715,-3.9260387e-05
4460,0.0008900000000000573,0.00047527428
4461,0.00103999999999993,-0.00024620688
4462,0.0007500000000000278,-0.00050747755
4463,-0.0008099999999999771,0.0004442303
4464,-0.0017099999999999893,0.0004991423
4465,-0.0004899999999999903,6.1349856e-05
4466,-4.0000000000039414e-05,0.0007535671
4467,-0.00048000000000003536,0.00042633424
4468,-0.00036000000000002756,0.00044935098
4469,-0.00042999999999993055,5.808399e-06
4470,-0.0012900000000000131,-0.00076823076
4471,-0.0013800000000000476,9.731698e-07
4472,0.00030000000000007814,-1.3770399e-05
4473,0.002340000000000008,-0.00043884382
4474,0.0021499999999999853,0.00022298087
4475,0.0009799999999999807,4.000194e-05
4476,0.0008599999999999715,-0.00030324297
4477,-0.0010599999999999499,-6.527664e-05
4478,-0.0020200000000000218,0.00012489146
4479,-0.001219999999999999,4.956554e-05
4480,0.00028000000000005776,8.204054e-06
4481,0.0008699999999999265,-0.00015442022
4482,-0.0005100000000000108,-0.0001789155
4483,-2.9999999999974007e-05,-0.000246354
4484,0.0001999999999999776,-8.050475e-05
4485,-0.0015300000000000316,-0.00010570051
4486,-0.0019900000000000473,-0.0003552008
4487,0.00043000000000004097,0.0002663135
4488,0.002410000000000023,-0.0002525265
4489,0.00031000000000003177,-0.00021630691
4490,-0.0008500000000000178,0.0005357498
4491,-0.0011499999999999844,0.000126785
4492,-0.0003299999999999417,0.00035231045
4493,0.002659999999999996,0.0006722451
4494,0.0028599999999999737,4.7197693e-05
4495,0.002000000000000002,0.00064973853
4496,0.0011799999999999582,-0.00019701797
4497,0.001219999999999999,-0.00041729317
4498,0.0019200000000000324,-0.0011014992
4499,0.00012000000000000918,-0.0013254854
4500,-0.0010799999999999694,-2.7724931e-05
4501,-1.000000000006541e-05,-0.00057317404
4502,0.001310000000000033,-8.248027e-05
4503,0.001879999999999993,-0.00031979516
4504,0.0017499999999999183,-0.00024136213
4505,0.0008000000000000235,0.000161933
4506,-0.00031999999999998674,-0.00013614503
4507,0.0006800000000000144,0.0003037759
4508,-0.0001999999999999776,0.00031161722
4509,-0.001909999999999967,0.0003307166
4510,-4.0000000000039414e-05,-0.00010997506
4511,0.0015699999999999599,0.00022342005
4512,-0.00046999999999996995,-0.00021308856
4513,-0.0011600000000000497,0.000115336654
4514,0.0005500000000000501,0.00028385382
4515,0.00020000000000008937,7.155177e-06
4516,-0.00026999999999999236,-0.00023784293
4517,-0.00014000000000002956,-0.00087436644
4518,0.0016699999999999487,-0.0009179765
4519,0.0014199999999999766,-0.00012268237
4520,4.99999999999944e-05,-0.00032854118
4521,-0.0008200000000000425,-2.3914426e-05
4522,-0.0017800000000000042,-2.5037962e-05
4523,0.0016300000000000197,-9.810364e-05
4524,0.0038200000000000456,0.00053435395
4525,0.001620000000000066,0.0001429705
4526,0.0,0.0003787922
4527,0.0008599999999999715,0.0004198924
4528,0.00014999999999998318,0.000112303474
4529,-0.0007700000000000481,-0.00012840837
4530,-0.000180000000000069,-0.0005722694
4531,-0.0011700000000000046,-3.1522995e-05
4532,0.0001600000000000486,-0.000568401
4533,0.0007000000000000334,-0.0007254574
4534,-0.0005199999999999644,-0.00073248404
4535,-0.0003699999999999812,0.000998432
4536,-0.0014100000000000223,0.00068600563
4537,-0.0018299999999999985,2.820738e-05
4538,0.00043999999999999595,-0.00015680051
4539,0.0003699999999999812,-0.00022558871
4540,-0.0006500000000000389,-0.000542111
4541,-0.0006099999999999995,-0.0004569968
4542,0.00019000000000002397,-0.0008167404
4543,0.0022499999999999742,0.00072224793
4544,0.0015199999999999654,-1.1212984e-05
4545,9.99999999999888e-05,-0.0005139414
4546,4.0000000000039414e-05,0.00035183615
4547,0.0031900000000000257,-0.0003106744
4548,0.0011499999999999844,0.0002191389
4549,-0.0027500000000000298,3.1070016e-05
4550,-7.99999999999684e-05,0.00013002606
4551,0.0014600000000000175,-0.00068306533
4552,0.0008899999999999468,-0.0005384894
4553,-4.99999999999944e-05,-0.00027455657
4554,-0.00041999999999997557,-0.00047400864
4555,0.0003800000000000466,-8.6093154e-05
4556,-9.99999999995498e-06,0.0008243836
4557,-0.0012100000000000442,0.0005603504
4558,0.0013299999999999428,0.0002294059
4559,0.0010700000000000158,0.00044636466
4560,-0.00030999999999992134,-0.00012332793
4561,0.0011499999999999844,-0.0012366829
4562,0.000509999999999899,-0.00087934954
4563,4.0000000000039414e-05,-0.0010171535
4564,-0.0016100000000000005,-0.0003642879
4565,-0.002090000000000036,-0.0014177529
4566,-0.00018999999999991216,-0.0017652124
4567,0.0008200000000000425,0.00020851179
4568,0.0005799999999999137,0.0008090991
4569,0.00044999999999995093,-0.0011290046
4570,-0.0003699999999999812,-0.00075727503
4571,-7.99999999999684e-05,-0.0002978595
4572,-0.0009799999999999807,0.0010307116
4573,0.00014000000000002956,0.00038427813
4574,0.0016100000000000005,0.0004262969
4575,0.0003699999999999812,-0.000117936426
4576,0.000909999999999966,7.4841795e-05
4577,-0.0006300000000000199,0.000101972066
4578,-0.0015999999999999352,-1.384213e-05
4579,9.99999999995498e-06,0.00015413633
4580,0.0008399999999999524,0.00011022109
4581,-0.001000000000000001,0.0006216977
4582,-0.0008199999999999321,0.0004706045
4583,0.001410000000000023,0.00089356554
4584,0.0016100000000000005,-0.00036242217
4585,0.00028000000000005776,-0.00059635256
4586,-0.0007900000000000685,-0.00013880858
4587,-0.0006200000000000649,0.0003408189
4588,0.0009900000000000462,-0.0007898173
4589,0.0013500000000000736,5.4387594e-05
4590,-0.0003699999999999812,2.7210472e-05
4591,-0.001060000000000061,0.0005353765
4592,-0.0012900000000000131,-8.888772e-05
4593,-0.0012999999999999674,-0.0003542178
4594,-0.003489999999999993,0.0011444726
4595,-0.0028900000000000596,0.00049305323
4596,0.0008299999999999975,6.2555366e-05
4597,0.00165000000000004,-0.00032808442
4598,0.0004999999999999454,4.645404e-05
4599,0.0005899999999999791,-0.00015987834
4600,0.0004899999999999903,6.0311224e-05
4601,-0.0010700000000000152,-0.00053686154
4602,-0.0005799999999999137,-0.001186702
4603,0.0008000000000000235,-0.0006957456
4604,-0.0013800000000000476,-0.0006388515
4605,-0.00044999999999995093,-0.0005704146
4606,0.0015800000000000267,-0.0011511768
4607,-0.0009900000000000462,0.0009216664
4608,-0.0008599999999999715,0.00027418556
4609,0.0014300000000000421,0.00057576445
4610,0.0031799999999999606,0.00021017037
4611,0.00039000000000000157,0.0004490033
4612,-0.0031600000000000517,-0.00037392834
4613,-0.0001100000000000542,-0.00059282896
4614,0.001439999999999997,-0.00027935885
4615,0.00048000000000003536,0.00065268093
4616,-0.0013900000000000026,0.0008895201
4617,-0.0015899999999999803,-0.0017879917
4618,0.0020800000000000822,-0.0003869394
4619,0.0017099999999999893,-0.0009908862
4620,-0.0014800000000000364,0.0004981117
4621,-0.0015199999999999654,-0.00013847408
4622,0.0024999999999999476,-0.00079676125
4623,0.0023099999999999237,1.6743657e-05
4624,-0.0005399999999999847,0.00014403695
4625,-0.00039000000000000157,0.00018598398
4626,0.0011499999999999844,-0.0004496971
4627,0.0005100000000000108,4.70191e-05
4628,-0.0009399999999999413,0.001605677
4629,-0.0003299999999999417,0.00080597075
4630,0.00012000000000000918,-0.0011426562
4631,0.0006099999999999995,-0.00044719604
4632,0.0013600000000000272,-0.00041143174
4633,0.0012299999999999527,0.00018385476
4634,0.0005499999999999398,-0.0008663795
4635,-0.0015800000000000258,-0.0007799426
4636,-0.001659999999999995,-0.0006782967
4637,-0.0001999999999999776,-0.0009462877
4638,0.0009599999999999603,-0.000480815
4639,0.0005899999999999791,-0.001004566
4640,-0.0004999999999999454,-0.001934904
4641,0.00026999999999999236,0.0005467114
4642,0.0007300000000000087,0.00038992145
4643,-0.0013099999999999223,-0.0011864502
4644,-0.0009200000000000314,-0.0004159859
4645,0.0004899999999999903,0.0006596637
4646,-0.0008500000000000178,-0.00024816848
4647,-0.00030000000000007814,-0.0011695994
4648,-7.99999999999684e-05,-0.00066858676
4649,0.00010000000000010059,1.0421116e-05
4650,6.000000000005981e-05,2.4396142e-05
4651,-0.0008700000000000369,-9.859617e-06
4652,0.00034999999999996075,-0.0004883372
4653,0.00041999999999997557,-0.00091447996
4654,-0.0009200000000000314,-0.00026228037
4655,-0.002009999999999956,0.00038711663
4656,-0.0020599999999999508,-0.00039583107
4657,-9.99999999999888e-05,-0.000528308
4658,-0.0003400000000000072,-0.0014926255
4659,-6.000000000005981e-05,-0.00046199598
4660,-0.00014999999999998318,-0.0009556552
4661,0.000249999999999972,0.00044959984
4662,0.0012399999999999076,4.581944e-05
4663,-0.0003699999999999812,0.00038399268
4664,0.00039000000000000157,-0.0020976805
4665,0.0016000000000000456,0.000537475
4666,0.0015600000000000063,-0.0011690314
4667,-0.00014000000000002956,-0.0007439976
4668,-0.0012399999999999076,0.0006510933
4669,-4.99999999999944e-05,-6.1344625e-05
4670,-0.0008000000000000235,-0.00046388074
4671,-0.001439999999999997,-0.0005840398
4672,-0.0006900000000000798,-0.00024899558
4673,0.0001999999999999776,-0.0014279156
4674,0.0007800000000000031,0.00027730144
4675,0.0007000000000000334,7.180203e-05
4676,-0.0006999999999999229,0.00047946247
4677,-0.0008000000000000235,0.0010421475
4678,-0.0006599999999999939,0.00090173335
4679,0.00031999999999998674,0.00020977878
4680,0.00018999999999991216,-0.0004941598
4681,-0.0011200000000000103,-0.00027730575
4682,3.0000000000085802e-05,-0.00026603526
4683,0.001850000000000019,-0.0008347463
4684,0.003579999999999917,-0.0004428278
4685,0.0023500000000000747,0.00071381225
4686,-6.999999999990298e-05,-0.00024045818
4687,0.00014999999999998318,-0.00043380292
4688,0.00013999999999991778,-3.550697e-05
4689,-0.0016000000000000456,-0.00022377788
4690,-0.0024199999999999777,-0.00022838255
4691,-0.0009500000000000067,-0.002037978
4692,-0.0002600000000000374,-0.00093712925
4693,-0.00031000000000003177,-0.00016322041
4694,0.0008200000000000425,-0.0002770825
4695,0.0013300000000000534,-5.698443e-05
4696,-0.00037999999999993616,-0.00011795766
4697,-0.0013199999999999878,-0.00028224054
4698,-0.00029000000000001274,0.0004734371
4699,-0.0005300000000000311,-0.00045639952
4700,0.00042999999999993055,-0.0012045501
4701,0.001870000000000038,0.00069937244
4702,0.001879999999999993,0.0008192182
4703,0.0010299999999999752,0.00070483715
4704,-0.0001700000000000036,0.00061188376
4705,5.9999999999949376e-05,0.00054580526
4706,0.0006400000000000854,0.0002086289
4707,0.0006200000000000649,0.0005038831
4708,-0.000210000000000043,-2.9704843e-05
4709,-0.0004899999999999903,-0.00029872026
4710,-0.0008099999999999771,0.00015021823
4711,-0.0009200000000000314,-9.2220995e-05
4712,0.00103999999999993,-0.0005577556
4713,0.0012600000000000384,-0.00015313274
4714,0.0026000000000000467,-0.00024584602
4715,0.002879999999999994,0.0020592487
4716,-0.00026999999999999236,-0.00022053755
4717,-0.0007599999999999827,-0.001128631
4718,0.0008399999999999524,-5.0072675e-05
4719,0.00026999999999999236,-0.0004573957
4720,-0.0006800000000000144,-0.00018253498
4721,-0.0001700000000000036,2.8615073e-05
4722,7.000000000001478e-05,0.00015676182
4723,0.00012000000000000918,0.0009087688
4724,0.0,0.00045384804
4725,-0.0004899999999999903,0.0014664208
4726,-0.00039999999999995654,0.00033506288
4727,5.9999999999949376e-05,-0.00013600376
4728,0.006029999999999979,6.43157e-05
4729,0.007440000000000004,-8.216627e-05
4730,0.0024600000000000186,0.00053792365
4731,0.0017500000000000289,-8.065627e-05
4732,0.001530000000000031,-0.00019736125
4733,0.00041000000000002195,-0.00032080745
4734,-0.001219999999999999,-0.00043183766
4735,-1.000000000006541e-05,-0.0024476382
4736,0.0009599999999999603,-0.0048768898
4737,0.0017399999999999634,-0.004240157
4738,-0.0012799999999999478,-0.0033945474
4739,-0.005709999999999993,-0.0037387954
4740,-0.0032200000000000006,-0.0043134284
4741,1.000000000006541e-05,-0.0041629774
4742,0.0003400000000000072,-0.0033811026
4743,-0.0016800000000000148,-0.004104115
4744,-0.0017100000000001,-0.004113472
4745,-0.00012999999999996416,-0.004091374
4746,0.0005900000000000909,-0.002910117
4747,0.0008299999999999975,-0.0037214272
4748,-0.00047000000000008173,-0.0037904715
4749,-0.0022100000000000453,-0.0030982501
4750,-0.0010899999999999244,-0.0019371116
4751,0.0009599999999999603,-0.0006144535
4752,0.0008399999999999524,-0.00012272847
4753,-0.00025999999999992696,-0.0023257327
4754,0.0006300000000000199,-0.0024660733
4755,0.0008099999999999771,-0.0019201656
4756,-6.000000000005981e-05,-0.00016235012
4757,0.0006300000000000199,6.747484e-06
4758,-0.00103999999999993,-0.00013849456
4759,-0.0013199999999999878,0.00014214122
4760,-0.0005600000000000052,-0.0005347052
4761,-0.0013100000000000336,-0.0020615729
4762,-0.0030200000000000222,-0.0018053198
4763,-0.0016300000000000203,-0.0034537017
4764,-0.00034999999999996075,-0.004386168
4765,-0.0016800000000000148,-0.0005310199
4766,-0.0022400000000000198,-0.00028871457
4767,-0.0015600000000000063,-0.00020772412
4768,-0.00026999999999999236,-0.0016875574
4769,-0.00014999999999998318,-0.00050672004
4770,0.0007500000000000278,0.000586811
4771,-0.00034999999999996075,0.0004012373
4772,-0.0007500000000000278,0.00035292527
4773,-0.0009000000000000123,-0.0013761312
4774,-0.0017599999999999838,0.00032877328
4775,-0.0015300000000000316,-0.00034767567
4776,-0.0010400000000000405,3.93388e-05
4777,0.00024000000000001836,-0.0006425939
4778,0.00043000000000004097,-9.957924e-05
4779,0.00031000000000003177,-0.0003488863
4780,-0.0006500000000000389,0.0010607279
4781,-0.00048000000000003536,-0.0001379222
4782,0.00021999999999999797,0.00012293717
4783,0.0003800000000000466,0.00034360323
4784,0.0,0.0008498567
4785,-9.99999999999888e-05,-0.00054306106
4786,-0.00041999999999997557,0.00038229531
4787,-0.0012600000000000384,-0.0004146984
4788,-0.00048000000000003536,0.00077950145
4789,0.0007099999999999883,8.61057e-05
4790,0.0014300000000000421,-0.0003442736
4791,-5.9999999999949376e-05,-0.000379557
4792,-0.0005899999999999791,-0.0008056639
4793,0.00018999999999991216,-0.00046187593
4794,0.00012999999999996416,-4.0776977e-05
4795,-0.00015999999999993816,-0.000275339
4796,-7.000000000001478e-05,-0.0011700521
4797,0.0003699999999999812,-4.4008513e-05
4798,0.00021999999999999797,-0.00046300679
4799,-0.00046000000000001633,0.00018585517
4800,-0.00031999999999998674,0.00047692627
4801,0.0005600000000000052,-0.0002613003
4802,0.0002600000000000374,-0.0015975652
4803,-0.0021700000000000057,0.00024973275
4804,-0.0016800000000000148,-0.0005918884
4805,-0.00036000000000002756,0.00014480915
4806,0.00042999999999993055,0.00046155544
4807,0.00028000000000005776,0.0001168203
4808,-0.0017699999999999387,0.0006903849
4809,-0.003269999999999995,-3.597322e-05
4810,9.99999999995498e-06,-0.00024969605
4811,0.003170000000000007,7.54537e-05
4812,0.001000000000000001,-0.00025600469
4813,-0.00025000000000008376,6.132716e-05
4814,-4.99999999999944e-05,-0.0003864651
4815,9.000000000003517e-05,-0.0004898619
4816,-0.0009200000000000314,-0.0002611744
4817,0.00028000000000005776,-0.00016173528
4818,0.0010800000000000813,0.00022491615
4819,-0.0015000000000000568,-0.00037318835
4820,-0.002190000000000025,0.00059209124
4821,-0.0017599999999999838,0.00049652194
4822,-0.0005699999999999601,-7.111097e-05
4823,0.0008500000000000178,0.00032445043
4824,0.0013199999999999878,3.5885485e-05
4825,0.0010299999999999752,0.0006097406
4826,-0.002000000000000002,-0.00061394484
4827,-0.0009399999999999413,-0.0023304718
4828,0.0005999999999999341,-0.00044706723
4829,0.0016299999999999093,-0.0002722912
4830,0.0015800000000000267,-0.0003805905
4831,-0.0008699999999999265,-0.00035786728
4832,-0.0010499999999999954,-0.00020028025
4833,-0.0021300000000000767,-0.0007457777
4834,-0.000959999999999961,-0.0026466076
4835,-0.00034999999999996075,-0.0004964655
4836,-0.0010800000000000813,-1.5930369e-05
4837,-0.000210000000000043,0.00045607975
4838,0.0011100000000000554,0.0002541493
4839,-4.99999999999944e-05,0.00025092874
4840,-0.0015399999999999858,-3.8342525e-05
4841,-7.000000000001478e-05,5.3853273e-05
4842,0.0008199999999999321,0.00034378548
4843,-0.00020999999999993257,0.00029794962
4844,-0.0013499999999999626,2.4260808e-06
4845,-0.0001600000000000486,-0.0005249974
4846,0.001349999999999962,0.00019688923
4847,0.001090000000000035,0.00023665508
4848,0.00047000000000008173,0.00025961912
4849,0.0008299999999999975,0.0010069878
4850,0.0003699999999999812,-0.000434701
4851,0.0002600000000000374,0.0005328498
4852,-1.000000000006541e-05,0.000115636016
4853,-0.00028000000000005776,-0.0004298065
4854,0.0005500000000000501,0.00045336277
4855,0.0012800000000000589,1.702692e-05
4856,0.003170000000000007,0.0005790202
4857,0.0024299999999999326,-0.000601714
4858,0.0014999999999999465,-0.00024192425
4859,0.001310000000000033,-0.0007015396
4860,-0.0005999999999999341,-2.6876607e-05
4861,-0.0012799999999999478,0.00020307343
4862,-0.0015899999999999803,-0.0004552987
4863,-0.0013400000000000083,-5.5891636e-05
4864,-0.0009300000000000981,3.0199002e-05
4865,-0.00042000000000008735,-0.00017917607
4866,0.0005800000000000255,-0.00042983357
4867,0.00019000000000002397,-0.00066364685
4868,-0.0011900000000000244,-0.00020089069
4869,0.001060000000000061,0.00030492945
4870,0.0026100000000000016,0.00013430134
4871,5.9999999999949376e-05,0.000110783956
4872,-0.0022399999999999087,-0.00036237534
4873,-0.0011599999999999393,0.00020994713
4874,-0.001879999999999993,3.497055e-05
4875,-0.0010800000000000813,0.0011843849
4876,-0.00023000000000006338,0.0008832407
4877,-0.0017499999999999183,0.00027622184
4878,-0.0006499999999999285,-0.0007598046
4879,-0.0009400000000000517,-7.431176e-05
4880,-0.0013200000000000989,0.00061047403
4881,-0.0006800000000000144,0.0008601823
4882,0.0003500000000000726,0.00034951148
4883,0.001970000000000027,-0.0011001942
4884,0.0029000000000000145,-0.00015773521
4885,0.0011599999999999393,-0.00010402362
4886,0.0005199999999999644,-4.1189793e-05
4887,0.0006099999999999995,0.00013191448
4888,-0.00034999999999996075,-0.0004082485
4889,0.0006099999999999995,-6.4364634e-05
4890,0.0008099999999999771,5.8752914e-05
4891,-0.0001999999999999776,-8.3582585e-05
4892,0.0004899999999999903,-0.00061499735
4893,0.0006900000000000798,-0.00029876127
4894,0.00043999999999999595,3.3893863e-05
4895,0.00015999999999993816,-0.00032189657
4896,-0.00012000000000000918,0.00022879106
4897,-0.0001999999999999776,0.00024769647
4898,-2.000000000002039e-05,0.00029819336
4899,-0.0011999999999999786,0.00020522975
4900,-0.0008399999999999524,0.0005612961
4901,0.0005299999999999193,7.0583344e-05
4902,-0.0009299999999999863,0.00011262553
4903,-0.0011200000000000103,-0.00045750182
4904,-0.0006200000000000649,-0.00045870515
4905,-0.002129999999999965,0.0010813915
4906,-0.0021099999999999453,0.0009770147
4907,-0.0013799999999999373,0.00060246
4908,-4.99999999999944e-05,-0.00024096102
4909,0.0017899999999999579,-0.00024309538
4910,0.00030999999999992134,9.465555e-05
4911,-0.0006699999999999488,4.2219006e-05
4912,-1.9999999999908597e-05,-0.00011546538
4913,-9.000000000003517e-05,-0.00029631655
4914,-0.00014000000000002956,0.00021378764
4915,-0.0006700000000000593,-0.00031017594
4916,-0.0009700000000000264,0.0016023364
4917,-0.0005399999999999847,0.0012495156
4918,-9.99999999999888e-05,-0.00011315756
4919,-7.99999999999684e-05,0.0004810874
4920,-2.000000000002039e-05,-0.000529523
4921,0.0,4.3866614e-05
4922,-7.000000000001478e-05,-0.00050154224
4923,0.00017999999999995857,-0.0005658948
4924,0.0007700000000000481,-0.0011160822
4925,0.0005000000000000557,-0.0005465876
4926,-0.0006300000000000199,-0.0017113395
4927,-0.00040000000000006697,-0.0012602431
4928,2.9999999999974007e-05,0.00082705956
4929,-0.00039999999999995654,0.0011074282
4930,-0.0004999999999999454,-0.00036630733
4931,-0.0007700000000000481,0.00020458711
4932,-0.0008099999999999771,-0.0005468357
4933,-9.99999999995498e-06,-0.00038287198
4934,0.00010999999999994377,0.00017307395
4935,-0.00010999999999994377,-0.00032685697
4936,-0.0008399999999999524,-0.00050348847
4937,-0.00012000000000000918,-0.00063052046
4938,0.001909999999999967,-0.0011537169
4939,0.0006599999999999939,-7.796996e-06
4940,-0.0017200000000000548,-0.0016261275
4941,-0.0012400000000000189,-0.0022730944
4942,-0.0012899999999999021,-0.0019928566
4943,-0.0026300000000000208,-0.00019013915
4944,-0.0018600000000000838,-0.0011244047
4945,-0.0002600000000000374,-0.0010497847
4946,0.0007400000000000741,0.00029091781
4947,0.001219999999999999,-0.0009610342
4948,0.00023999999999990657,0.0011919392
4949,-0.00012999999999996416,0.0012410104
4950,0.0005500000000000501,0.00037507393
4951,0.0001700000000000036,-0.0012781373
4952,0.0001999999999999776,-0.0011386919
4953,2.9999999999974007e-05,-0.0011987176
4954,-0.0014999999999999458,-0.0016968491
4955,-0.0015399999999999858,-0.00024331275
4956,-0.0005300000000000311,-0.00018725163
4957,0.00031999999999998674,-0.0001878423
4958,-0.00019000000000002397,-0.00033505767
4959,-0.0007599999999999827,-9.095985e-05
4960,-0.0001700000000000036,0.00030876556
4961,0.00029000000000001274,-3.1045765e-05
4962,0.0012100000000000442,-0.00020560954
4963,0.0005800000000000255,0.00031241577
4964,-0.0005000000000000557,-4.8872284e-05
4965,0.00014999999999998318,-0.00015360923
4966,0.00041000000000002195,-0.00018221291
4967,0.0007399999999999624,0.00028364302
4968,0.0014600000000000175,-2.1009994e-06
4969,0.0005399999999999847,0.0005212404
4970,0.0005800000000000255,-0.0012111615
4971,0.0014300000000000421,-4.7045352e-05
4972,0.0010200000000000215,-0.00012884606
4973,-0.0012299999999999534,-0.00017845877
4974,-0.002310000000000034,-0.0005737486
4975,-0.0009100000000000777,-9.157542e-05
4976,-0.0006399999999999735,-0.00023199689
4977,0.0016900000000000808,-0.00019596616
4978,0.001129999999999964,0.0011737416
4979,-0.0009600000000000721,5.221379e-06
4980,0.0006199999999999545,-0.00060254626
4981,0.00045000000000006135,-2.7208911e-05
4982,-0.00040999999999991017,-0.0003966772
4983,0.0004899999999999903,-0.00023243386
4984,-0.0007400000000000741,-0.00016374813
4985,-0.0004899999999999903,-2.080366e-05
4986,0.0021999999999999797,-0.00019724121
4987,0.0017300000000000097,0.00023382244
4988,0.0009200000000000314,0.00022844631
4989,0.0012399999999999076,0.00040640778
4990,0.0013300000000000534,-0.00031496285
4991,0.0007100000000000988,-0.0005731126
4992,0.0014099999999999113,-1.387353e-06
4993,0.0012299999999999527,0.00053858606
4994,-0.0007399999999999624,0.00014676272
4995,-0.0009299999999999863,-0.00025254698
4996,0.0016000000000000456,0.00067497964
4997,0.0018399999999999521,2.8282038e-05
